"ID","Country","Vessel"," Capacity ","GAS","Filling Connection","Supplier","High Flow","Cart","Price"
"BU001","Italy","Base Unit"," 10 ","LOX","Side Fill","Chart","Yes","Yes",900
"BU002","Italy","Base Unit"," 10 ","LOX","Dual Fill Penox","Chart","Yes","Yes",980
"BU003","Italy","Base Unit"," 20 ","LOX","Side Fill","Chart","Yes","Yes",1000
"BU004","Italy","Base Unit"," 20 ","LOX","Dual Fill Penox","Chart","Yes","Yes",1080
"BU005","Italy","Base Unit"," 30 ","LOX","Side Fill","Chart","Yes","Yes",1010
"BU006","Italy","Base Unit"," 30 ","LOX","Dual Fill Penox","Chart","Yes","Yes",1080
"BU007","Italy","Base Unit"," 37 ","LOX","Side Fill","Chart","Yes","Yes",1080
"BU008","Italy","Base Unit"," 37 ","LOX","Dual Fill Penox","Chart","Yes","Yes",1160
"BU009","Italy","Base Unit"," 45 ","LOX","Side Fill","Chart","Yes","Yes",1100
"BU010","Italy","Base Unit"," 45 ","LOX","Dual Fill Penox","Chart","Yes","Yes",1185
"BU011","Italy","Base Unit"," 60 ","LOX","Side Fill","Chart","Yes","Yes",1370
"BU012","Italy","Base Unit"," 60 ","LOX","Dual Fill Penox","Chart","Yes","Yes",1442
"BU013","Italy","Base Unit"," 30 ","LOX","Dual Fill Puritan Bennet","VRV","Yes","Yes",1080
"BU014","Italy","Base Unit"," 30 ","LOX","Dual Fill Penox","VRV","Yes","Yes",1080
"BU015","Italy","Base Unit"," 45 ","LOX","Dual Fill Puritan Bennet","VRV","Yes","Yes",1185
"BU016","Italy","Base Unit"," 45 ","LOX","Dual Fill Penox","VRV","Yes","Yes",1185
"BU017","Italy","Base Unit"," 30 ","LOX","Dual Fill Puritan Bennet","VRV","Not","Yes",1080
"BU018","Italy","Base Unit"," 30 ","LOX","Dual Fill Penox","VRV","Not","Yes",1080
"BU019","Italy","Base Unit"," 45 ","LOX","Dual Fill Puritan Bennet","VRV","Not","Yes",1185
"BU020","Italy","Base Unit"," 45 ","LOX","Dual Fill Penox","VRV","Not","Yes",1185
"BU021","Italy","Base Unit"," 30 ","LOX","Dual Fill Chart","Penox","Yes","Yes",1080
"BU022","Italy","Base Unit"," 45 ","LOX","Dual Fill Chart","Penox","Yes","Yes",1185
"BU023","Italy","Base Unit"," 30 ","LOX","Dual Fill Chart","Penox","Not","Yes",1010
"BU024","Italy","Base Unit"," 45 ","LOX","Dual Fill Chart","Penox","Not","Yes",1185
"BU025","Italy","Base Unit"," 10 ","LOX","Side Fill","Chart","Yes","Not",900
"BU026","Italy","Base Unit"," 10 ","LOX","Dual Fill Penox","Chart","Yes","Not",980
"BU027","Italy","Base Unit"," 20 ","LOX","Side Fill","Chart","Yes","Not",1000
"BU028","Italy","Base Unit"," 20 ","LOX","Dual Fill Penox","Chart","Yes","Not",1080
"BU029","Italy","Base Unit"," 30 ","LOX","Side Fill","Chart","Yes","Not",1010
"BU030","Italy","Base Unit"," 30 ","LOX","Dual Fill Penox","Chart","Yes","Not",1080
"BU031","Italy","Base Unit"," 37 ","LOX","Side Fill","Chart","Yes","Not",1080
"BU032","Italy","Base Unit"," 37 ","LOX","Dual Fill Penox","Chart","Yes","Not",1160
"BU033","Italy","Base Unit"," 45 ","LOX","Side Fill","Chart","Yes","Not",1100
"BU034","Italy","Base Unit"," 45 ","LOX","Dual Fill Penox","Chart","Yes","Not",1185
"BU035","Italy","Base Unit"," 60 ","LOX","Side Fill","Chart","Yes","Not",1370
"BU036","Italy","Base Unit"," 60 ","LOX","Dual Fill Penox","Chart","Yes","Not",1442
"BU037","Italy","Base Unit"," 30 ","LOX","Dual Fill Puritan Bennet","VRV","Yes","Not",1080
"BU038","Italy","Base Unit"," 30 ","LOX","Dual Fill Penox","VRV","Yes","Not",1080
"BU039","Italy","Base Unit"," 45 ","LOX","Dual Fill Puritan Bennet","VRV","Yes","Not",1185
"BU040","Italy","Base Unit"," 45 ","LOX","Dual Fill Penox","VRV","Yes","Not",1185
"BU041","Italy","Base Unit"," 30 ","LOX","Dual Fill Puritan Bennet","VRV","Not","Not",1080
"BU042","Italy","Base Unit"," 30 ","LOX","Dual Fill Penox","VRV","Not","Not",1080
"BU043","Italy","Base Unit"," 45 ","LOX","Dual Fill Puritan Bennet","VRV","Not","Not",1185
"BU044","Italy","Base Unit"," 45 ","LOX","Dual Fill Penox","VRV","Not","Not",1185
"BU045","Italy","Base Unit"," 30 ","LOX","Dual Fill Chart","Penox","Yes","Not",1080
"BU046","Italy","Base Unit"," 45 ","LOX","Dual Fill Chart","Penox","Yes","Not",1185
"BU047","Italy","Base Unit"," 30 ","LOX","Dual Fill Chart","Penox","Not","Not",1080
"BU048","Italy","Base Unit"," 45 ","LOX","Dual Fill Chart","Penox","Not","Not",1185
"BU049","Italy","Cart"," 20 ",,,"Chart",,"Yes",
"BU050","Italy","Cart"," 20 ",,,"VRV",,"Yes",
"BU051","Italy","Cart"," 20 ",,,"Penox",,"Yes",
"BU052","Italy","Cart"," 30 ",,,"Chart",,"Yes",
"BU053","Italy","Cart"," 30 ",,,"VRV",,"Yes",
"BU054","Italy","Cart"," 30 ",,,"Penox",,"Yes",
"BU055","Italy","Cart"," 37 ",,,"Chart",,"Yes",
"BU056","Italy","Cart"," 37 ",,,"VRV",,"Yes",
"BU057","Italy","Cart"," 37 ",,,"Penox",,"Yes",
"BU058","Italy","Cart"," 45 ",,,"Chart",,"Yes",
"BU059","Italy","Cart"," 45 ",,,"VRV",,"Yes",
"BU060","Italy","Cart"," 45 ",,,"Penox",,"Yes",
"BU061","Italy","Cart"," 60 ",,,"Chart",,"Yes",
"BU062","Italy","Cart"," 60 ",,,"VRV",,"Yes",
"BU063","Italy","Cart"," 60 ",,,"Penox",,"Yes",
