"Object","Object","ID","Country","Categoria","Settore","DescrEn","Prodotto","Confezione","Prezzo","Photo","Esclusivo","Obsoleto","IDDestinatario","COGE","Note","QuantDef"
28379,11431,"AU0001","Italy","Accessori ufficio","Acc. Scrivania","Perforatore 25 fogli","Perforatore 25 fogli",1,"2.47","Perforatore-25-fogli.jpg",FALSO,FALSO,"SMR","N010",,
28380,11432,"AU0002","Italy","Accessori ufficio","Acc. Scrivania","Cucitrice a pinza ZENITH 548/E","Cucitrice a pinza ZENITH 548/E",1,"13.45","CucitriceZenith-548e.jpg",FALSO,FALSO,"SMR","N010",,
28381,11433,"AU0003","Italy","Accessori ufficio","Acc. Scrivania","Punti Zenith 130/E (confezione da 10 scatole)","Punti Zenith 130/E (confezione da 10 scatole)",10,"4.86","Scatola-di-punti-Zenith-130.jpg",FALSO,FALSO,"SMR","N010",,
28382,11434,"AU0004","Italy","Accessori ufficio","Acc. Scrivania","Levapunti in metallo","Levapunti in metallo",1,"1.51","levapunti-in-metallo.jpg",FALSO,FALSO,"SMR","N010",,
28383,11435,"AU0005","Italy","Accessori ufficio","Acc. Scrivania","Forbice impugnatura ABS cm.17","Forbice impugnatura ABS cm.17",1,"0.34","Forbice-impugnatura-ABS-cm.17.jpg",FALSO,FALSO,"SMR","N010",,
28384,11436,"AU0006","Italy","Accessori ufficio","Acc. Scrivania","Forbici nichelate con impugnatura ABS 21 cm","Forbici nichelate con impugnatura ABS 21 cm",1,"0.79","Forbici-nichelate-con-impugnatura-ABS-21-cm.jpg",FALSO,FALSO,"SMR","N010",,
28385,11437,"AU0007","Italy","Accessori ufficio","Acc. Scrivania","Righello in plexiglass da 20 cm","Righello in plexiglass da 20 cm",1,"0.51","Righello-in-plexiglass-da-20-cm.jpg",FALSO,FALSO,"SMR","N010",,
28386,11438,"AU0008","Italy","Accessori ufficio","Acc. Scrivania","Righello in plexiglass da 30 cm","Righello in plexiglass da 30 cm",1,"0.42","Righello-in-plexiglass-da-30-cm.jpg",FALSO,FALSO,"SMR","N010",,
28387,11439,"AU0009","Italy","Accessori ufficio","Acc. Scrivania","Temperamatite 1 foro","Temperamatite 1 foro",1,"0.23","Temperamatite-1-foro.jpg",FALSO,FALSO,"SMR","N010",,
28388,11440,"AU0010","Italy","Accessori ufficio","Acc. Scrivania","Temperamatite 2 fori","Temperamatite 2 fori",1,"0.49","Temperamatite-2-fori.jpg",VERO,FALSO,"SMR","N010",,
28389,11441,"AU0011","Italy","Accessori ufficio","Acc. Scrivania","Cucitrice Elica","Cucitrice Elica",1,"4.73","Cucitrice-Elica.jpg",VERO,FALSO,"SMR","N010",,
28390,11442,"AU0012","Italy","Accessori ufficio","Acc. Scrivania","Perforatore per alti spessori (70 fogli)","Perforatore per alti spessori (70 fogli)",1,"26.28","Perforatore-per-alti-spessori-(70-fogli).jpg",VERO,FALSO,"SMR","N010",,
28391,11443,"AU0013","Italy","Accessori ufficio","Acc. Scrivania","Cestino gettacarte rosso","Cestino gettacarte rosso",1,"1.88","Cestino-gettacarte.jpg",VERO,FALSO,"SMR","N010",,
28392,11444,"AU0014","Italy","Accessori ufficio","Acc. Scrivania","Cestino gettacarte nero","Cestino gettacarte nero",1,"1.88","Cestino-gettacarte.jpg",VERO,FALSO,"SMR","N010",,
28393,11445,"AU0015","Italy","Accessori ufficio","Acc. Scrivania","Cestino gettacarte blu","Cestino gettacarte blu",1,"1.88","Cestino-gettacarte.jpg",VERO,FALSO,"SMR","N010",,
28394,11446,"AU0016","Italy","Accessori ufficio","Acc. Scrivania","Cestino gettacarte grigio","Cestino gettacarte grigio",1,"1.88","Cestino-gettacarte.jpg",VERO,FALSO,"SMR","N010",,
28395,11447,"AU0017","Italy","Accessori ufficio","Acc. Scrivania","Bacinella Portacorrispondenza Acco blu","Bacinella Portacorrispondenza Acco blu",1,"2.50","Bacinella-Portacorrispondenza-Acco.jpg",VERO,FALSO,"SMR","N010",,
28396,11448,"AU0018","Italy","Accessori ufficio","Acc. Scrivania","Bacinella Portacorrispondenza Acco nera","Bacinella Portacorrispondenza Acco nera",1,"2.50","Bacinella-Portacorrispondenza-Acco.jpg",VERO,FALSO,"SMR","N010",,
28397,11449,"AU0019","Italy","Accessori ufficio","Acc. Scrivania","Bacinella Portacorrispondenza Acco rossa","Bacinella Portacorrispondenza Acco rossa",1,"2.50","Bacinella-Portacorrispondenza-Acco.jpg",VERO,FALSO,"SMR","N010",,
28398,11450,"AU0020","Italy","Accessori ufficio","Acc. Scrivania","Portariviste Rack blu","Portariviste Rack blu",1,"3.56","Portariviste-Rack.jpg",VERO,FALSO,"SMR","N010",,
28399,11451,"AU0021","Italy","Accessori ufficio","Acc. Scrivania","Portariviste Rack nero","Portariviste Rack nero",1,"3.56","Portariviste-Rack.jpg",VERO,FALSO,"SMR","N010",,
28400,11452,"AU0022","Italy","Accessori ufficio","Acc. Scrivania","Portariviste Rack rosso","Portariviste Rack rosso",1,"3.56","Portariviste-Rack.jpg",VERO,FALSO,"SMR","N010",,
28401,11453,"AU0023","Italy","Accessori ufficio","Acc. Scrivania","Perforatore a 4 fori","Perforatore a 4 fori",1,"12.52","Perforatore-a-4-fori.jpg",VERO,FALSO,"SMR","N010",,
28402,11454,"AU0024","Italy","Accessori ufficio","Acc. Scrivania","Scatola di punti Zenith 515","Scatola di punti Zenith 515",1,"0.76","Scatola-di-punti-Zenith-130.jpg",VERO,FALSO,"SMR","N010",,
28403,11455,"AU0025","Italy","Accessori ufficio","Acc. Scrivania","Cucitrice Rapid per alti spessori","Cucitrice Rapid per alti spessori",1,"13.02","Cucitrice-Rapid-per-alti-spessori.jpg",VERO,FALSO,"SMR","N010",,
28404,11456,"AU0026","Italy","Accessori ufficio","Acc. Scrivania","Sottomano trasparente","Sottomano trasparente",1,"4.37","Sottomano-trasparente.jpg",VERO,FALSO,"SMR","N010",,
28405,11457,"AU0027","Italy","Accessori ufficio","Acc. Scrivania","Portaoggetti da scrivania","Portaoggetti da scrivania",1,"16.38","Portaoggetti-da-scrivania.jpg",VERO,FALSO,"SMR","N010",,
28406,11458,"AU0028","Italy","Accessori ufficio","Acc. Scrivania","Bicchiere portapenne nero","Bicchiere portapenne nero",1,"1.32","Bicchiere-PortaPenne.jpg",VERO,FALSO,"SMR","N010",,
28407,11459,"AU0029","Italy","Accessori ufficio","Acc. Scrivania","Bicchiere portapenne nero","Bicchiere portapenne nero",1,"1.32","Bicchiere-PortaPenne.jpg",VERO,FALSO,"SMR","N010",,
28408,11460,"AU0030","Italy","Accessori ufficio","Acc. Scrivania","Spugna bagnadita","Spugna bagnadita",1,"1.49","Spugna-bagnadita.jpg",VERO,FALSO,"SMR","N010",,
28409,11461,"AU0031","Italy","Accessori ufficio","Colla","Colla Stick Pritt 40gr.","Colla Stick Pritt 40gr.",1,"1.28","Colla-Stick-Pritt-40.jpg",VERO,FALSO,"SMR","N010",,
28410,11462,"AU0032","Italy","Accessori ufficio","Colla","Colla stick Pritt 20 g","Colla stick Pritt 20 g",1,"0.78","Colla-Stick-Pritt-40.jpg",VERO,FALSO,"SMR","N010",,
28411,11463,"AU0033","Italy","Accessori ufficio","Colla","Colla a nastro mini roller","Colla a nastro mini roller",1,"2.48","Colla-a-nastro-mini-roller.jpg",VERO,FALSO,"SMR","N010",,
28412,11464,"AU0034","Italy","Accessori ufficio","Colla","Super attack","Super attack",1,"3.69","Super-attak.jpg",VERO,FALSO,"SMR","N010",,
28413,11465,"AU0035","Italy","Accessori ufficio","Colla","Colla a nastro roller ricaricabile perm.","Colla a nastro roller ricaricabile perm.",1,"4.24","Colla-a-nastro-roller-ricaricabile-perm.jpg",VERO,FALSO,"SMR","N010",,
28414,11466,"AU0036","Italy","Accessori ufficio","Colla","Ricarica per colla nastro perm.","Ricarica per colla nastro perm.",1,"3.03","Ricarica-per-colla-nastro-perm..jpg",VERO,FALSO,"SMR","N010",,
28415,11467,"AU0037","Italy","Accessori ufficio","Fermagli","Scatola da 100 fermagli zincati N.2","Scatola da 100 fermagli zincati N.2",10,"1.48","Scatola-da-100-fermagli-zincati.jpg",VERO,FALSO,"SMR","N010",,
28416,11468,"AU0038","Italy","Accessori ufficio","Fermagli","Scatola da 100 fermagli zincati N.3","Scatola da 100 fermagli zincati N.3",10,"1.69","Scatola-da-100-fermagli-zincati.jpg",VERO,FALSO,"SMR","N010",,
28417,11469,"AU0039","Italy","Accessori ufficio","Fermagli","Scatola da 100 fermagli zincati N.4","Scatola da 100 fermagli zincati N.4",10,"1.68","Scatola-da-100-fermagli-zincati.jpg",VERO,FALSO,"SMR","N010",,
28418,11470,"AU0040","Italy","Accessori ufficio","Fermagli","Scatola da 100 fermagli zincati N.6","Scatola da 100 fermagli zincati N.6",10,"5.09","Scatola-da-100-fermagli-zincati.jpg",VERO,FALSO,"SMR","N010",,
28419,11471,"AU0041","Italy","Accessori ufficio","Fermagli","Scatola da 100 fermagli zincati N.5","Scatola da 100 fermagli zincati N.5",10,"3.85","Scatola-da-100-fermagli-zincati.jpg",VERO,FALSO,"SMR","N010",,
28420,11472,"AU0042","Italy","Accessori ufficio","Fermagli","Molle fermafogli 1,9 mm","Molle fermafogli 1,9 mm (conf.12)",12,"0.44","Molle-fermafogli_1.jpg",VERO,FALSO,"SMR","N010",,
28421,11473,"AU0043","Italy","Accessori ufficio","Fermagli","Molle fermafogli 2,5 mm","Molle fermafogli 2,5 mm (conf.12)",12,"0.45","Molle-fermafogli_1.jpg",VERO,FALSO,"SMR","N010",,
28422,11474,"AU0044","Italy","Accessori ufficio","Fermagli","Molle fermafogli 3,2 mm","Molle fermafogli 3,2 mm (conf.12)",12,"0.56","Molle-fermafogli_1.jpg",VERO,FALSO,"SMR","N010",,
28423,11475,"AU0045","Italy","Accessori ufficio","Fermagli","Molle fermafogli 4,1 mm","Molle fermafogli 4,1 mm (conf.12)",12,"0.97","Molle-fermafogli_1.jpg",VERO,FALSO,"SMR","N010",,
28424,11476,"AU0046","Italy","Accessori ufficio","Fermagli","Molle fermafogli 5,1 mm","Molle fermafogli 5,1 mm (conf.12)",12,"1.67","Molle-fermafogli_1.jpg",VERO,FALSO,"SMR","N010",,
28425,11477,"AU0047","Italy","Accessori ufficio","Nastro adesivo, acc.","Scotch Magic 810 permanente 19x33mt.","Scotch Magic 810 permanente 19x33mt.",1,"1.37","Scotch-Magic-810-permanente-19x33mt.jpg",VERO,FALSO,"SMR","N010",,
28426,11478,"AU0048","Italy","Accessori ufficio","Nastro adesivo, acc.","Nastro adesivo Scotch 508 19x33mt.","Nastro adesivo Scotch 508 19x33mt.",8,"2.35","Nastro-adesivo-Scotch-508-19x33mt.jpg",VERO,FALSO,"SMR","N010",,
28427,11479,"AU0049","Italy","Accessori ufficio","Nastro adesivo, acc.","Nastro adesivo Scotch 508 19x66mt.","Nastro adesivo Scotch 508 19x66mt.",8,"3.54","Nastro-adesivo-Scotch-508-19x66mt.jpg",VERO,FALSO,"SMR","N010",,
28428,11480,"AU0050","Italy","Accessori ufficio","Nastro adesivo, acc.","Dispenser da tavolo nastro 19x33","Dispenser da tavolo nastro 19x33",1,"1.22","Dispenser-da-tavolo-nastro-19x33.jpg",VERO,FALSO,"SMR","N010",,
28429,11481,"AU0051","Italy","Accessori ufficio","Timbri, acc.","Portatimbri rotondo 6 posti","Portatimbri rotondo 6 posti",1,"2.21","Portatimbri-rotondo-6-posti.JPG",VERO,FALSO,"SMR","N010",,
28430,11482,"AU0052","Italy","Accessori ufficio","Timbri, acc.","Portatimbri rotondo 12 posti","Portatimbri rotondo 12 posti",1,"2.43","Portatimbri-rotondo-12-posti.jpg",VERO,FALSO,"SMR","N010",,
28431,11483,"AU0053","Italy","Accessori ufficio","Timbri, acc.","Portatimbri lineare 12 posti","Portatimbri lineare 12 posti",1,"3.69","Portatimbri-lineare-12-posti.JPG",VERO,FALSO,"SMR","N010",,
28432,11484,"AU0054","Italy","Accessori ufficio","Timbri, acc.","Inchiostro per timbri blu","Inchiostro per timbri blu",1,"0.83","Inchiostro-per-timbri-rosso-nero-blu.jpg",VERO,FALSO,"SMR","N010",,
28433,11485,"AU0055","Italy","Accessori ufficio","Timbri, acc.","Inchiostro per timbri nero","Inchiostro per timbri nero",1,"0.83","Inchiostro-per-timbri-rosso-nero-blu.jpg",VERO,FALSO,"SMR","N010",,
28434,11486,"AU0056","Italy","Accessori ufficio","Timbri, acc.","Inchiostro per timbri rosso","Inchiostro per timbri rosso",1,"0.83","Inchiostro-per-timbri-rosso-nero-blu.jpg",VERO,FALSO,"SMR","N010",,
28435,11487,"AU0057","Italy","Accessori ufficio","Timbri, acc.","Inchiostro per timbri nero ad olio","Inchiostro per timbri nero ad olio",1,"1.73","Inchiostro-per-timbri-nero-ad-olio.jpg",VERO,FALSO,"SMR","N010",,
28436,11488,"AU0058","Italy","Accessori ufficio","Timbri, acc.","Cuscinetto per timbri 7x11 blu","Cuscinetto per timbri 7x11 blu",1,"2.36","Cuscinetto-per-timbri-7x11-nero-rosso-nero.jpg",VERO,FALSO,"SMR","N010",,
28437,11489,"AU0059","Italy","Accessori ufficio","Timbri, acc.","Cuscinetto per timbri 7x11 nero","Cuscinetto per timbri 7x11 nero",1,"2.36","Cuscinetto-per-timbri-7x11-nero-rosso-nero.jpg",VERO,FALSO,"SMR","N010",,
28438,11490,"AU0060","Italy","Accessori ufficio","Timbri, acc.","Cuscinetto per timbri 7x11 rosso","Cuscinetto per timbri 7x11 rosso",1,"2.36","Cuscinetto-per-timbri-7x11-nero-rosso-nero.jpg",VERO,FALSO,"SMR","N010",,
28439,11491,"AU0061","Italy","Accessori ufficio","Timbri, acc.","Datario in gomma mm5","Datario in gomma mm5",1,"2.16","Datario-in-gomma-mm5.jpg",VERO,FALSO,"SMR","N010",,
28440,11492,"AU0062","Italy","Accessori ufficio","Timbri, acc.","Numeratore automatico 3887","Numeratore automatico 3887",1,"97.30","Numeratore-automatico-3887.jpg",VERO,FALSO,"SMR","N010",,
28441,11493,"AU0063","Italy","Accessori ufficio","Timbri, acc.","Feltri di ricambio per numeratore","Feltri di ricambio per numeratore",1,"5.37","Feltro-per-Colop-printer-30.jpg",VERO,FALSO,"SMR","N010",,
28442,11494,"AU0064","Italy","Accessori ufficio","Timbri, acc.","Feltro per Colop printer 30","Feltro per Colop printer 30",1,"5.37","Feltro-per-Colop-printer-30.jpg",VERO,FALSO,"SMR","N010",,
28443,11495,"AU0065","Italy","Accessori ufficio","Timbri, acc.","Feltro per Colop printer 20","Feltro per Colop printer 20",1,"5.37","Feltro-per-Colop-printer-20.jpg",VERO,FALSO,"SMR","N010",,
28444,11496,"AU0066","Italy","Accessori ufficio","Timbri, acc.","Tamponcini di ricambio Trodat 4912","Tamponcini di ricambio Trodat 4912",2,"5.21","Tamponcini-di-ricambio-Trodat-4912.jpg",VERO,FALSO,"SMR","N010",,
28445,11497,"AU0067","Italy","Archivio, organizzazione","Acc. rilegatura","Cartoncino per rilegatura 270 gr NERO","Cartoncino per rilegatura 270 gr NERO",100,"4.74","Cartoncino-per-rilegatura.jpg",VERO,FALSO,"SMR","N010",,
28446,11498,"AU0068","Italy","Archivio, organizzazione","Acc. rilegatura","Cartoncino per rilegatura 270 gr BLU","Cartoncino per rilegatura 270 gr BLU",100,"4.74","Cartoncino-per-rilegatura.jpg",VERO,FALSO,"SMR","N010",,
28447,11499,"AU0069","Italy","Archivio, organizzazione","Acc. rilegatura","Cartoncino per rilegatura 270 gr GIALLO","Cartoncino per rilegatura 270 gr GIALLO",100,"4.74","Cartoncino-per-rilegatura.jpg",VERO,FALSO,"SMR","N010",,
28448,11500,"AU0070","Italy","Archivio, organizzazione","Acc. rilegatura","Cartoncino per rilegatura 270 gr BIANCO","Cartoncino per rilegatura 270 gr BIANCO",100,"4.74","Cartoncino-per-rilegatura.jpg",VERO,FALSO,"SMR","N010",,
28449,11501,"AU0071","Italy","Archivio, organizzazione","Acc. rilegatura","Cartoncino per rilegatura 270 gr VERDE","Cartoncino per rilegatura 270 gr VERDE",100,"4.74","Cartoncino-per-rilegatura.jpg",VERO,FALSO,"SMR","N010",,
28450,11502,"AU0072","Italy","Archivio, organizzazione","Acc. rilegatura","Cartoncino per rilegatura 270 gr ROSSO","Cartoncino per rilegatura 270 gr ROSSO",100,"4.74","Cartoncino-per-rilegatura.jpg",VERO,FALSO,"SMR","N010",,
28451,11503,"AU0073","Italy","Archivio, organizzazione","Acc. rilegatura","Copertina flessibile per rilegatura Channel AA","Copertina flessibile per rilegatura Channel AA",10,"16.18","Copertina-flessibile-per-rilegatura-Channel-AA.jpg",VERO,FALSO,"SMR","N010",,
28452,11504,"AU0074","Italy","Archivio, organizzazione","Acc. rilegatura","Spirale in plastica ad anelli mm 6 tondo","Spirale in plastica ad anelli mm 6 tondo",100,"2.97","Spirale-in-plastica-ad-anelli.jpg",VERO,FALSO,"SMR","N010",,
28453,11505,"AU0075","Italy","Archivio, organizzazione","Acc. rilegatura","Spirale in plastica ad anelli mm 8 tondo","Spirale in plastica ad anelli mm 8 tondo",100,"3.99","Spirale-in-plastica-ad-anelli.jpg",VERO,FALSO,"SMR","N010",,
28454,11506,"AU0076","Italy","Archivio, organizzazione","Acc. rilegatura","Spirale in plastica ad anelli mm 10 tondo","Spirale in plastica ad anelli mm 10 tondo",100,"4.73","Spirale-in-plastica-ad-anelli.jpg",VERO,FALSO,"SMR","N010",,
28455,11507,"AU0077","Italy","Archivio, organizzazione","Acc. rilegatura","Spirale in plastica ad anelli mm 14 tondo","Spirale in plastica ad anelli mm 14 tondo",100,"8.67","Spirale-in-plastica-ad-anelli.jpg",VERO,FALSO,"SMR","N010",,
28456,11508,"AU0078","Italy","Archivio, organizzazione","Acc. rilegatura","Spirale in plastica ad anelli mm 16 tondo","Spirale in plastica ad anelli mm 16 tondo",100,"7.53","Spirale-in-plastica-ad-anelli.jpg",VERO,FALSO,"SMR","N010",,
28457,11509,"AU0079","Italy","Archivio, organizzazione","Acc. rilegatura","Spirale in plastica ad anelli mm 19 tondo","Spirale in plastica ad anelli mm 19 tondo",100,"4.89","Spirale-in-plastica-ad-anelli.jpg",VERO,FALSO,"SMR","N010",,
28458,11510,"AU0080","Italy","Archivio, organizzazione","Acc. rilegatura","Spirale in plastica ad anelli mm 25 tondo","Spirale in plastica ad anelli mm 25 tondo",100,"9.45","Spirale-in-plastica-ad-anelli.jpg",VERO,FALSO,"SMR","N010",,
28459,11511,"AU0081","Italy","Archivio, organizzazione","Acc. rilegatura","Copertina A4 trasparente","Copertina A4 trasparente",200,"4.85","Copertina-A4-trasparente.jpg",VERO,FALSO,"SMR","N010",,
28460,11512,"AU0082","Italy","Archivio, organizzazione","Acc. rilegatura","Spirale in plastica ad anelli mm12 tondo","Spirale in plastica ad anelli mm12 tondo",100,"4.77","Spirale-in-plastica-ad-anelli.jpg",VERO,FALSO,"SMR","N010",,
28461,11513,"AU0083","Italy","Archivio, organizzazione","Acc. rilegatura","Pouches adesive peel'n'stick","Pouches adesive peel'n'stick",100,"50.30","Pouches-adesive-peel'n'stick.jpg",VERO,FALSO,"SMR","N010",,
28462,11514,"AU0084","Italy","Archivio, organizzazione","Acc. rilegatura","Spirale in plastica ad anelli mm 22 tondo","Spirale in plastica ad anelli mm 22 tondo",100,"6.04","Spirale-in-plastica-ad-anelli.jpg",VERO,FALSO,"SMR","N010",,
28463,11515,"AU0085","Italy","Archivio, organizzazione","Cartelle sospese","Cartella sospesa armadio V 33 cm","Cartella sospesa armadio V 33 cm",50,"13.00","Cartella-sospesa-cassetto_armadio.jpg",VERO,FALSO,"SMR","N010",,
28464,11516,"AU0086","Italy","Archivio, organizzazione","Cartelle sospese","Cartella sospesa armadio U 33 cm","Cartella sospesa armadio U 33 cm",50,"17.50","Cartella-sospesa-cassetto_armadio.jpg",VERO,FALSO,"SMR","N010",,
28465,11517,"AU0087","Italy","Archivio, organizzazione","Cartelle sospese","Cartella sospesa cassetto V 33 cm","Cartella sospesa cassetto V 33 cm",50,"13.00","Cartella-sospesa-cassetto_armadio.jpg",VERO,FALSO,"SMR","N010",,
28466,11518,"AU0088","Italy","Archivio, organizzazione","Cartelle sospese","Cartella sospesa cassetto U 33 cm","Cartella sospesa cassetto U 33 cm",50,"17.50","Cartella-sospesa-cassetto_armadio.jpg",VERO,FALSO,"SMR","N010",,
28467,11519,"AU0089","Italy","Archivio, organizzazione","Cartelle sospese","Cartella sospesa cassetto V 39.5 cm","Cartella sospesa cassetto V 39.5 cm",50,"17.50","Cartella-sospesa-cassetto_armadio.jpg",VERO,FALSO,"SMR","N010",,
28468,11520,"AU0090","Italy","Archivio, organizzazione","Cartelle sospese","Cartella sospesa cassetto U 39.5 cm","Cartella sospesa cassetto U 39.5 cm",50,"17.50","Cartella-sospesa-cassetto_armadio.jpg",VERO,FALSO,"SMR","N010",,
28469,11521,"AU0091","Italy","Archivio, organizzazione","Cartelline","Cartella manilla semplice senza lembi 190 gr rosso","Cartella manilla semplice senza lembi 190 gr rosso",50,"5.63","Cartella-manilla-semplice-senza-lembi.jpg",VERO,FALSO,"SMR","N010",,
28470,11522,"AU0092","Italy","Archivio, organizzazione","Cartelline","Cartella manilla semplice senza lembi 190 gr azzurrro","Cartella manilla semplice senza lembi 190 gr azzurrro",50,"5.63","Cartella-manilla-semplice-senza-lembi.jpg",VERO,FALSO,"SMR","N010",,
28471,11523,"AU0093","Italy","Archivio, organizzazione","Cartelline","Cartella manilla semplice senza lembi 190 gr verde","Cartella manilla semplice senza lembi 190 gr verde",50,"5.63","Cartella-manilla-semplice-senza-lembi.jpg",VERO,FALSO,"SMR","N010",,
28472,11524,"AU0094","Italy","Archivio, organizzazione","Cartelline","Cartella manilla semplice senza lembi 190 gr giallo","Cartella manilla semplice senza lembi 190 gr giallo",50,"5.63","Cartella-manilla-semplice-senza-lembi.jpg",VERO,FALSO,"SMR","N010",,
28473,11525,"AU0095","Italy","Archivio, organizzazione","Cartelline","Cartella manilla tre lembi rosso","Cartella manilla tre lembi rosso",50,"3.80","Cartella-manilla-tre-lembi.jpg",VERO,FALSO,"SMR","N010",,
28474,11526,"AU0096","Italy","Archivio, organizzazione","Cartelline","Cartella manilla tre lembi verde","Cartella manilla tre lembi verde",50,"3.80","Cartella-manilla-tre-lembi.jpg",VERO,FALSO,"SMR","N010",,
28475,11527,"AU0097","Italy","Archivio, organizzazione","Cartelline","Cartella manilla tre lembi giallo","Cartella manilla tre lembi giallo",50,"3.80","Cartella-manilla-tre-lembi.jpg",VERO,FALSO,"SMR","N010",,
28476,11528,"AU0098","Italy","Archivio, organizzazione","Cartelline","Cartella manilla tre lembi azzurro","Cartella manilla tre lembi azzurro",50,"3.80","Cartella-manilla-tre-lembi.jpg",VERO,FALSO,"SMR","N010",,
28477,11529,"AU0099","Italy","Archivio, organizzazione","Cartelline","Cartellina presentazione con molla dorso 8mm rosso","Cartellina presentazione con molla dorso 8mm rosso",5,"2.55","Cartellina-presentazione-con-molla-dorso-8mm.jpg",VERO,FALSO,"SMR","N010",,
28478,11530,"AU0100","Italy","Archivio, organizzazione","Cartelline","Cartellina presentazione con molla dorso 8mm verde","Cartellina presentazione con molla dorso 8mm verde",5,"2.55","Cartellina-presentazione-con-molla-dorso-8mm.jpg",VERO,FALSO,"SMR","N010",,
28479,11531,"AU0101","Italy","Archivio, organizzazione","Cartelline","Cartellina presentazione con molla dorso 8mm giallo","Cartellina presentazione con molla dorso 8mm giallo",5,"2.55","Cartellina-presentazione-con-molla-dorso-8mm.jpg",VERO,FALSO,"SMR","N010",,
28480,11532,"AU0102","Italy","Archivio, organizzazione","Cartelline","Cartellina presentazione con molla dorso 8mm azzurro","Cartellina presentazione con molla dorso 8mm azzurro",5,"2.55","Cartellina-presentazione-con-molla-dorso-8mm.jpg",VERO,FALSO,"SMR","N010",,
28481,11533,"AU0103","Italy","Archivio, organizzazione","Cartelline","Cartellina presentazione con molla dorso 8mm bianco","Cartellina presentazione con molla dorso 8mm bianco",5,"2.55","Cartellina-presentazione-con-molla-dorso-8mm.jpg",VERO,FALSO,"SMR","N010",,
28482,11534,"AU0104","Italy","Archivio, organizzazione","Cartelline","Cartellina full con tasca Acco rosso","Cartellina full con tasca Acco rosso",5,"1.35","Cartellina-full-con-tasca-Acco.jpg",VERO,FALSO,"SMR","N010",,
28483,11535,"AU0105","Italy","Archivio, organizzazione","Cartelline","Cartellina full con tasca Acco verde","Cartellina full con tasca Acco verde",5,"1.35","Cartellina-full-con-tasca-Acco.jpg",VERO,FALSO,"SMR","N010",,
28484,11536,"AU0106","Italy","Archivio, organizzazione","Cartelline","Cartellina full con tasca Acco giallo","Cartellina full con tasca Acco giallo",5,"1.35","Cartellina-full-con-tasca-Acco.jpg",VERO,FALSO,"SMR","N010",,
28485,11537,"AU0107","Italy","Archivio, organizzazione","Cartelline","Cartellina full con tasca Acco azzurro","Cartellina full con tasca Acco azzurro",5,"1.35","Cartellina-full-con-tasca-Acco.jpg",VERO,FALSO,"SMR","N010",,
28486,11538,"AU0108","Italy","Archivio, organizzazione","Cartelline","Cartellina full con tasca Acco trasparente","Cartellina full con tasca Acco trasparente",5,"1.35","Cartellina-full-con-tasca-Acco.jpg",VERO,FALSO,"SMR","N010",,
28487,11539,"AU0109","Italy","Archivio, organizzazione","Cartelline","Cartella con elastico a 3 lembi blu","Cartella con elastico a 3 lembi blu",10,"6.34","Cartella-con-elastico-a-3-lembi.jpg",VERO,FALSO,"SMR","N010",,
28488,11540,"AU0110","Italy","Archivio, organizzazione","Cartelline","Cartella con elastico a 3 lembi rosso","Cartella con elastico a 3 lembi rosso",10,"6.34","Cartella-con-elastico-a-3-lembi.jpg",VERO,FALSO,"SMR","N010",,
28489,11541,"AU0111","Italy","Archivio, organizzazione","Cartelline","Cartella con elastico a 3 lembi verde","Cartella con elastico a 3 lembi verde",10,"6.34","Cartella-con-elastico-a-3-lembi.jpg",VERO,FALSO,"SMR","N010",,
28490,11542,"AU0112","Italy","Archivio, organizzazione","Cartelline","Cartella con elastico a 3 lembi giallo","Cartella con elastico a 3 lembi giallo",10,"6.34","Cartella-con-elastico-a-3-lembi.jpg",VERO,FALSO,"SMR","N010",,
28491,11543,"AU0113","Italy","Archivio, organizzazione","Cartelline","Cartellina blu 21x30 con fermaglio","Cartellina blu 21x30 con fermaglio",10,"1.80","Cartellina-21x30-con-fermaglio.jpg",VERO,FALSO,"SMR","N010",,
28492,11544,"AU0114","Italy","Archivio, organizzazione","Cartelline","Cartellina rossa 21x30 con fermaglio","Cartellina rossa 21x30 con fermaglio",10,"1.80","Cartellina-21x30-con-fermaglio.jpg",VERO,FALSO,"SMR","N010",,
28493,11545,"AU0115","Italy","Archivio, organizzazione","Cartelline","Cartellina verde 21x30 con fermaglio","Cartellina verde 21x30 con fermaglio",10,"1.80","Cartellina-21x30-con-fermaglio.jpg",VERO,FALSO,"SMR","N010",,
28494,11546,"AU0116","Italy","Archivio, organizzazione","Cartelline","Cartellina gialla 21x30 con fermaglio","Cartellina gialla 21x30 con fermaglio",10,"1.80","Cartellina-21x30-con-fermaglio.jpg",VERO,FALSO,"SMR","N010",,
28495,11547,"AU0117","Italy","Archivio, organizzazione","Cartelline","Cartellina a busta con bottone di colori assortiti","Cartellina a busta con bottone di colori assortiti",6,"3.60","Cartellina-a-busta-con-bottone_colori-assortiti.jpg",VERO,FALSO,"SMR","N010",,
28496,11548,"AU0118","Italy","Archivio, organizzazione","Cartelline","Cartellina con finestra Blasetti azzurro","Cartellina con finestra Blasetti azzurro",50,"4.50","Cartellina-con-finestra-Blasetti.jpg",VERO,FALSO,"SMR","N010",,
28497,11549,"AU0119","Italy","Archivio, organizzazione","Cartelline","Cartellina con finestra Blasetti verde","Cartellina con finestra Blasetti verde",50,"4.50","Cartellina-con-finestra-Blasetti.jpg",VERO,FALSO,"SMR","N010",,
28498,11550,"AU0120","Italy","Archivio, organizzazione","Cartelline","Cartellina con finestra Blasetti giallo","Cartellina con finestra Blasetti giallo",50,"4.50","Cartellina-con-finestra-Blasetti.jpg",VERO,FALSO,"SMR","N010",,
28499,11551,"AU0121","Italy","Archivio, organizzazione","Cartelline","Cartellina con finestra Blasetti rosa","Cartellina con finestra Blasetti rosa",50,"4.50","Cartellina-con-finestra-Blasetti.jpg",VERO,FALSO,"SMR","N010",,
28500,11552,"AU0122","Italy","Archivio, organizzazione","Cassettiere","Cassettiera Leitz 4 cassetti","Cassettiera Leitz 4 cassetti",1,"33.97","Cassettiera-Leitz-4-cassetti.jpg",VERO,FALSO,"SMR","N010",,
28501,11553,"AU0123","Italy","Archivio, organizzazione","Espositori","Espositore da banco 1/3 di A4","Espositore da banco 1/3 di A4",1,"2.65","Espositore-da-banco-1_3-di-A4.jpg",VERO,FALSO,"SMR","N010",,
28502,11554,"AU0124","Italy","Archivio, organizzazione","Raccoglitori","Registratore dox 4 comm. rosso D.5 cf 12","Registratore dox 4 comm. Rosso D.5 cf 12",1,"41.40","Registratore-dox-comm.jpg",VERO,VERO,"SMR","N010",,
28503,11555,"AU0125","Italy","Archivio, organizzazione","Raccoglitori","Registratore dox 4 comm. blu D.5 cf 12","Registratore dox 4 comm. blu D.5 cf 12",1,"41.40","Registratore-dox-comm.jpg",VERO,VERO,"SMR","N010",,
28504,11556,"AU0126","Italy","Archivio, organizzazione","Raccoglitori","Registratore dox 4 comm. giallo D.5 cf 12","Registratore dox 4 comm. giallo D.5 cf 12",1,"41.40","Registratore-dox-comm.jpg",VERO,VERO,"SMR","N010",,
28505,11557,"AU0127","Italy","Archivio, organizzazione","Raccoglitori","Registratore dox 4 comm. verde D.5 cf 12","Registratore dox 4 comm. verde D.5 cf 12",1,"41.40","Registratore-dox-comm.jpg",VERO,VERO,"SMR","N010",,
28506,11558,"AU0128","Italy","Archivio, organizzazione","Raccoglitori","Registratore dox 5 prot. rosso D.5 cf 12","Registratore dox 5 prot. rosso D.5 cf 12",1,"41.40","Registratore-dox-comm.jpg",VERO,VERO,"SMR","N010",,
28507,11559,"AU0129","Italy","Archivio, organizzazione","Raccoglitori","Registratore dox 5 prot. blu D.5 cf 12","Registratore dox 5 prot. blu D.5 cf 12",1,"41.40","Registratore-dox-comm.jpg",VERO,VERO,"SMR","N010",,
28508,11560,"AU0130","Italy","Archivio, organizzazione","Raccoglitori","Registratore dox 5 prot. verde D.5 cf 12","Registratore dox 5 prot. verde D.5 cf 12",1,"41.40","Registratore-dox-comm.jpg",VERO,VERO,"SMR","N010",,
28509,11561,"AU0131","Italy","Archivio, organizzazione","Raccoglitori","Registratore dox 1 comm. rosso D.8","Registratore dox 1 comm. rosso D.8 cf 12",6,"24.65","Registratore-dox-comm.jpg",VERO,FALSO,"SMR","N010",,
28510,11562,"AU0132","Italy","Archivio, organizzazione","Raccoglitori","Registratore dox 1 comm. blu D.8","Registratore dox 1 comm. blu D.8 cf 12",6,"24.65","Registratore-dox-comm.jpg",VERO,FALSO,"SMR","N010",,
28511,11563,"AU0133","Italy","Archivio, organizzazione","Raccoglitori","Registratore dox 1 comm. giallo D.8","Registratore dox 1 comm. giallo D.8 cf 12",6,"24.65","Registratore-dox-comm.jpg",VERO,FALSO,"SMR","N010",,
28512,11564,"AU0134","Italy","Archivio, organizzazione","Raccoglitori","Registratore dox 1 comm. verde D.8","Registratore dox 1 comm. verde D.8 cf 12",6,"24.65","Registratore-dox-comm.jpg",VERO,FALSO,"SMR","N010",,
28513,11565,"AU0135","Italy","Archivio, organizzazione","Raccoglitori","Registratore dox 2 prot. rosso D.5 cf 12","Registratore dox 2 prot. rosso D.5 cf 12",1,"41.40","Registratore-dox-comm.jpg",VERO,VERO,"SMR","N010",,
28514,11566,"AU0136","Italy","Archivio, organizzazione","Raccoglitori","Registratore dox 2 prot. blu D.5 cf 12","Registratore dox 2 prot. blu D.5 cf 12",1,"41.40","Registratore-dox-comm.jpg",VERO,VERO,"SMR","N010",,
28515,11567,"AU0137","Italy","Archivio, organizzazione","Raccoglitori","Registratore dox 2 prot. giallo D.5 cf 12","Registratore dox 2 prot. giallo D.5 cf 12",1,"41.40","Registratore-dox-comm.jpg",VERO,VERO,"SMR","N010",,
28516,11568,"AU0138","Italy","Archivio, organizzazione","Raccoglitori","Registratore dox 2 prot. verde D.5 cf 12","Registratore dox 2 prot. verde D.5 cf 12",1,"41.40","Registratore-dox-comm.jpg",VERO,VERO,"SMR","N010",,
28517,11569,"AU0139","Italy","Archivio, organizzazione","Raccoglitori","Portariviste trasp. d/muro orizzontale 36x18x6 (art. 41313P)","Portariviste trasp. d/muro orizzontale 36x18x6 (art. 41313P)",1,"6.65",,VERO,VERO,"SMR","N010",,
28518,11570,"AU0140","Italy","Archivio, organizzazione","Raccoglitori","Registratore con custodia neutro protocollo dorso 8 conf. 12","Registratore con custodia neutro protocollo dorso 8 conf. 12",1,"1.91","Raccoglitore-Delso-line-G15-protocollo.jpg",VERO,VERO,"SMR","N010",,
28519,11571,"AU0141","Italy","Archivio, organizzazione","Raccoglitori","Cartella Spring a tre lembi colori assortiti 190 gr","Cartella Spring a tre lembi colori assortiti 190 gr",1,"5.20","cartella-3-lembi.jpg",VERO,VERO,"SMR","N010",,
28520,11572,"AU0142","Italy","Archivio, organizzazione","Raccoglitori","Cartella manilla semplice senza lembi 190 gr grigio","Cartella manilla semplice senza lembi 190 gr grigio",1,"5.10","cartella-no-lembi.jpg",VERO,VERO,"SMR","N010",,
28521,11573,"AU0143","Italy","Archivio, organizzazione","Raccoglitori","Cartella manilla semplice senza lembi 190 gr colori assortiti","Cartella manilla semplice senza lembi 190 gr colori assortiti",1,"5.10","cartella-no-lembi.jpg",VERO,VERO,"SMR","N010",,
28522,11574,"AU0144","Italy","Archivio, organizzazione","Raccoglitori","Racc. C. Express 4A D bianco f.u. 22x30 cm. Diam. 25 mm (art. 24129Y)","Racc. C. Express 4A D bianco f.u. 22x30 cm. Diam. 25 mm (art. 24129Y)",1,"2.73","Raccoglitore-a-4-anelli-bianco.jpg",VERO,VERO,"SMR","N010",,
28523,11575,"AU0145","Italy","Archivio, organizzazione","Raccoglitori","Racc. C. Express 4A D bianco f.u. 22x30 cm. Diam. 35 mm (art. 24132M)","Racc. C. Express 4A D bianco f.u. 22x30 cm. Diam. 35 mm (art. 24132M)",1,"3.02","Raccoglitore-a-4-anelli-bianco.jpg",VERO,VERO,"SMR","N010",,
28524,11576,"AU0146","Italy","Archivio, organizzazione","Raccoglitori","Racc. C. Express 4A D bianco f.u. 22x30 cm. Diam. 45 mm (art. 24134Z)","Racc. C. Express 4A D bianco f.u. 22x30 cm. Diam. 45 mm (art. 24134Z)",1,"3.28","Raccoglitore-a-4-anelli-bianco.jpg",VERO,VERO,"SMR","N010",,
28525,11577,"AU0147","Italy","Archivio, organizzazione","Raccoglitori","Racc. C. Express 4A D bianco f.u. 22x30 cm. Diam. 65 mm (art. 26799S)","Racc. C. Express 4A D bianco f.u. 22x30 cm. Diam. 65 mm (art. 26799S)",1,"5.17","Raccoglitore-a-4-anelli-bianco.jpg",VERO,VERO,"SMR","N010",,
28526,11578,"AU0148","Italy","Archivio, organizzazione","Raccoglitori","Portalistino personalizzabile PPL 30 buste 22x30 (art. 27812K)","Portalistino personalizzabile PPL 30 buste 22x30 (art. 27812K)",1,"2.68","Portalistini-a-buste.jpg",VERO,VERO,"SMR","N010",,
28527,11579,"AU0149","Italy","Archivio, organizzazione","Raccoglitori","Raccoglitore personalizzabile 4 anelli bianco mm20","Raccoglitore personalizzabile 4 anelli bianco mm20",1,"3.77","Raccoglitore-a-4-anelli-bianco.jpg",VERO,VERO,"SMR","N010",,
28528,11580,"AU0150","Italy","Archivio, organizzazione","Raccoglitori","Raccoglitore personalizzabile 4 anelli bianco mm30","Raccoglitore personalizzabile 4 anelli bianco mm30",1,"4.15","Raccoglitore-a-4-anelli-bianco.jpg",VERO,VERO,"SMR","N010",,
28529,11581,"AU0151","Italy","Archivio, organizzazione","Raccoglitori","Raccoglitore personalizzabile 4 anelli bianco mm35","Raccoglitore personalizzabile 4 anelli bianco mm35",1,"4.33","Raccoglitore-a-4-anelli-bianco.jpg",VERO,VERO,"SMR","N010",,
28530,11582,"AU0152","Italy","Archivio, organizzazione","Raccoglitori","Raccoglitore personalizzabile 4 anelli bianco mm40","Raccoglitore personalizzabile 4 anelli bianco mm40",1,"4.34","Raccoglitore-a-4-anelli-bianco.jpg",VERO,VERO,"SMR","N010",,
28531,11583,"AU0153","Italy","Archivio, organizzazione","Raccoglitori","Raccoglitore personalizzabile 4 anelli bianco mm52","Raccoglitore personalizzabile 4 anelli bianco mm52",1,"4.96","Raccoglitore-a-4-anelli-bianco.jpg",VERO,VERO,"SMR","N010",,
28532,11584,"AU0154","Italy","Archivio, organizzazione","Raccoglitori","Raccoglitore personalizzabile 4 anelli bianco mm65","Raccoglitore personalizzabile 4 anelli bianco mm65",1,"7.42","Raccoglitore-a-4-anelli-bianco.jpg",VERO,VERO,"SMR","N010",,
28533,11585,"AU0155","Italy","Archivio, organizzazione","Raccoglitori","Raccoglitore Elica d8 protocollo blu","Raccoglitore Elica d8 protocollo blu",1,"1.52","Raccoglitore-Elica-d8-protocollo.jpg",VERO,FALSO,"SMR","N010",,
28534,11586,"AU0156","Italy","Archivio, organizzazione","Raccoglitori","Raccoglitore Elica d8 protocollo rosso","Raccoglitore Elica d8 protocollo rosso",1,"1.52","Raccoglitore-Elica-d8-protocollo.jpg",VERO,FALSO,"SMR","N010",,
28535,11587,"AU0157","Italy","Archivio, organizzazione","Raccoglitori","Raccoglitore Elica d8 protocollo verde","Raccoglitore Elica d8 protocollo verde",1,"1.50","Raccoglitore-Elica-d8-protocollo.jpg",VERO,FALSO,"SMR","N010",,
28536,11588,"AU0158","Italy","Archivio, organizzazione","Raccoglitori","Raccoglitore Elica d8 protocollo nero","Raccoglitore Elica d8 protocollo nero",1,"1.52","Raccoglitore-Elica-d8-protocollo.jpg",VERO,FALSO,"SMR","N010",,
28537,11589,"AU0159","Italy","Archivio, organizzazione","Raccoglitori","Raccoglitore Elica d8 protocollo giallo","Raccoglitore Elica d8 protocollo giallo",1,"1.52","Raccoglitore-Elica-d8-protocollo.jpg",VERO,FALSO,"SMR","N010",,
28538,11590,"AU0160","Italy","Archivio, organizzazione","Raccoglitori","Raccoglitore Elica d8 commerciale blu","Raccoglitore Elica d8 commerciale blu",1,"1.50","Raccoglitore-elica-comm.jpg",VERO,FALSO,"SMR","N010",,
28539,11591,"AU0161","Italy","Archivio, organizzazione","Raccoglitori","Raccoglitore Elica d8 commerciale rosso","Raccoglitore Elica d8 commerciale rosso",1,"1.50","Raccoglitore-elica-comm.jpg",VERO,FALSO,"SMR","N010",,
28540,11592,"AU0162","Italy","Archivio, organizzazione","Raccoglitori","Raccoglitore Elica d8 commerciale verde","Raccoglitore Elica d8 commerciale verde",1,"1.50","Raccoglitore-elica-comm.jpg",VERO,FALSO,"SMR","N010",,
28541,11593,"AU0163","Italy","Archivio, organizzazione","Raccoglitori","Raccoglitore Elica d8 commerciale nero","Raccoglitore Elica d8 commerciale nero",1,"1.52","Raccoglitore-elica-comm.jpg",VERO,FALSO,"SMR","N010",,
28542,11594,"AU0164","Italy","Archivio, organizzazione","Raccoglitori","Raccoglitore Elica d8 commerciale giallo","Raccoglitore Elica d8 commerciale giallo",1,"1.50","Raccoglitore-elica-comm.jpg",VERO,FALSO,"SMR","N010",,
28543,11595,"AU0165","Italy","Archivio, organizzazione","Raccoglitori","Raccoglitore Eurofile G54 blu","Raccoglitore Eurofile G54 blu",8,"36.58","Raccoglitore-Eurofile-G55-blu.jpg",VERO,FALSO,"SMR","N010",,
28544,11596,"AU0166","Italy","Archivio, organizzazione","Raccoglitori","Raccoglitore Eurofile G55 blu","Raccoglitore Eurofile G55 blu",6,"27.43","Raccoglitore-Eurofile-G55-blu.jpg",VERO,FALSO,"SMR","N010",,
28545,11597,"AU0167","Italy","Archivio, organizzazione","Raccoglitori","Raccoglitore Delso line G15 protocollo","Raccoglitore Delso line G15 protocollo",6,"19.08","Raccoglitore-Delso-line-G15-protocollo.jpg",VERO,FALSO,"SMR","N010",,
28546,11598,"AU0168","Italy","Archivio, organizzazione","Raccoglitori","Registratore Oxford G85 protocollo.blu dorso 8","Registratore Oxford G85 protocollo.blu dorso 8 cf.12",1,"1.73","Registratore-Oxford-_tutti.jpg",VERO,FALSO,"SMR","N010",,
28547,11599,"AU0169","Italy","Archivio, organizzazione","Raccoglitori","Registratore Oxford G85 protocollo.verde dorso 8","Registratore Oxford G85 protocollo.verde dorso 8 cf.12",1,"1.73","Registratore-Oxford-_tutti.jpg",VERO,FALSO,"SMR","N010",,
28548,11600,"AU0170","Italy","Archivio, organizzazione","Raccoglitori","Registratore Oxford G85 protocollo.rosso dorso 8","Registratore Oxford G85 protocollo.rosso dorso 8 cf.12",1,"1.73","Registratore-Oxford-_tutti.jpg",VERO,FALSO,"SMR","N010",,
28549,11601,"AU0171","Italy","Archivio, organizzazione","Raccoglitori","Registratore Oxford G83 comm. blu dorso 8","Registratore Oxford G83 comm. blu dorso 8",1,"1.73","Registratore-Oxford-_tutti.jpg",VERO,FALSO,"SMR","N010",,
28550,11602,"AU0172","Italy","Archivio, organizzazione","Raccoglitori","Registratore Oxford G83 comm. verde dorso 8","Registratore Oxford G83 comm. verde dorso 8",1,"1.73","Registratore-Oxford-_tutti.jpg",VERO,FALSO,"SMR","N010",,
28551,11603,"AU0173","Italy","Archivio, organizzazione","Raccoglitori","Registratore Oxford G83 comm. rosso dorso 8","Registratore Oxford G83 comm. rosso dorso 8",1,"1.73","Registratore-Oxford-_tutti.jpg",VERO,FALSO,"SMR","N010",,
28552,11604,"AU0174","Italy","Archivio, organizzazione","Raccoglitori","Registratore Oxford G84 protocollo blu dorso 5","Registratore Oxford G84 protocollo blu dorso 5",1,"1.73","Registratore-Oxford-_tutti.jpg",VERO,FALSO,"SMR","N010",,
28553,11605,"AU0175","Italy","Archivio, organizzazione","Raccoglitori","Registratore Oxford G84 protocollo rosso dorso 5","Registratore Oxford G84 protocollo rosso dorso 5",1,"1.73","Registratore-Oxford-_tutti.jpg",VERO,FALSO,"SMR","N010",,
28554,11606,"AU0176","Italy","Archivio, organizzazione","Raccoglitori","Registratore Oxford G84 protocollo verde dorso 5","Registratore Oxford G84 protocollo verde dorso 5",1,"1.73","Registratore-Oxford-_tutti.jpg",VERO,FALSO,"SMR","N010",,
28555,11607,"AU0177","Italy","Archivio, organizzazione","Raccoglitori","Registratore Oxford G81 Memorandum blu","Registratore Oxford G81 Memorandum blu",1,"1.64","Registratore-Oxford-_tutti.jpg",VERO,FALSO,"SMR","N010",,
28556,11608,"AU0178","Italy","Archivio, organizzazione","Raccoglitori","Registratore Oxford G81 Memorandum rosso","Registratore Oxford G81 Memorandum rosso",1,"1.64","Registratore-Oxford-_tutti.jpg",VERO,FALSO,"SMR","N010",,
28557,11609,"AU0179","Italy","Archivio, organizzazione","Raccoglitori","Registratore Oxford G81 Memorandum verde","Registratore Oxford G81 Memorandum verde",1,"1.64","Registratore-Oxford-_tutti.jpg",VERO,FALSO,"SMR","N010",,
28558,11610,"AU0180","Italy","Archivio, organizzazione","Raccoglitori","Raccoglitore Vic protocollo dorso 8","Raccoglitore Vic protocollo dorso 8",1,"1.55","Raccoglitore-Vic-commerciale-dorso-8.jpg",VERO,FALSO,"SMR","N010",,
28559,11611,"AU0181","Italy","Archivio, organizzazione","Raccoglitori","Raccoglitore Vic commerciale dorso 8","Raccoglitore Vic commerciale dorso 8",1,"1.55","Raccoglitore-Vic-commerciale-dorso-8.jpg",VERO,FALSO,"SMR","N010",,
28560,11612,"AU0182","Italy","Archivio, organizzazione","Registri, rubriche","Libro firma","Libro firma",1,"7.88","Libro-firma.jpg",VERO,FALSO,"SMR","N010",,
28561,11613,"AU0183","Italy","Archivio, organizzazione","Registri, rubriche","Rubrica telefonica 15 x21","Rubrica telefonica 15 x21",1,"8.82","Rubrica-telefonica-15-x21.jpg",VERO,FALSO,"SMR","N010",,
28562,11614,"AU0184","Italy","Archivio, organizzazione","Registri, rubriche","Scheda carburante","Scheda carburante",50,"1.84","Scheda-carburante.jpg",VERO,FALSO,"SMR","N010",,
28563,11615,"AU0185","Italy","Archivio, organizzazione","Registri, rubriche","Scheda carburante","Scheda carburante",12,"0.96","Scheda-carburante.jpg",VERO,FALSO,"SMR","N010",,
28564,11616,"AU0186","Italy","Archivio, organizzazione","Registri, rubriche","Portabiglietti da visita a buste fisse","Portabiglietti da visita a buste fisse",1,"3.32","Portabiglietti-da-visita-a-buste-fisse.jpg",VERO,FALSO,"SMR","N010",,
28565,11617,"AU0187","Italy","Archivio, organizzazione","Registri, rubriche","Portabiglietti da visita blu a 4 anelli","Portabiglietti da visita blu a 4 anelli",1,"7.48","Portabiglietti-da-visita-alfabetico.jpg",VERO,FALSO,"SMR","N010",,
28566,11618,"AU0188","Italy","Archivio, organizzazione","Registri, rubriche","Registro Blasetti A4 quadri 48 fogli","Registro Blasetti A4 quadri 48 fogli",1,"2.99","Registro-Blasetti-A4-quadri.jpg",VERO,FALSO,"SMR","N010",,
28567,11619,"AU0189","Italy","Archivio, organizzazione","Registri, rubriche","Registro Blasetti A4 quadri 72 fogli","Registro Blasetti A4 quadri 72 fogli",1,"3.97","Registro-Blasetti-A4-quadri.jpg",VERO,FALSO,"SMR","N010",,
28568,11620,"AU0190","Italy","Archivio, organizzazione","Registri, rubriche","Buono di consegna EDIPRO E5196C","Buono di consegna EDIPRO E5196C",1,"1.34","Buono-di-consegna-EDIPRO-E5196C.jpg",VERO,FALSO,"SMR","N010",,
28569,11621,"AU0191","Italy","Archivio, organizzazione","Registri, rubriche","Registro Blasetti A4 righe 48 fogli","Registro Blasetti A4 righe 48 fogli",1,"2.99","Registro-Blasetti-A4-righe.jpg",VERO,FALSO,"SMR","N010",,
28570,11622,"AU0192","Italy","Archivio, organizzazione","Registri, rubriche","Registro Blasetti A4 righe 72 fogli","Registro Blasetti A4 righe 72 fogli",1,"2.99","Registro-Blasetti-A4-righe.jpg",VERO,FALSO,"SMR","N010",,
28571,11623,"AU0193","Italy","Archivio, organizzazione","Registri, rubriche","Portabiglietti da visita alfabetico","Portabiglietti da visita alfabetico",1,"9.07","Portabiglietti-da-visita-alfabetico.jpg",VERO,FALSO,"SMR","N010",,
28572,11624,"AU0194","Italy","Archivio, organizzazione","Registri, rubriche","Registro di carico e scarico rifiuti","Registro di carico e scarico rifiuti",1,"3.39","Registro-di-carico-e-scarico-rifiuti.jpg",VERO,FALSO,"SMR","N010",,
28573,11625,"AU0195","Italy","Archivio, organizzazione","Scatole archivio","Scatola per archivio Storage 23X33","Scatola per archivio Storage 23X33",1,"20.16","Scatola-archivio-storage.jpg",VERO,FALSO,"SMR","N010",,
28574,11626,"AU0196","Italy","Archivio, organizzazione","Scatole archivio","Scatola per archivio Storage 26x37","Scatole elica 25x35",1,"0.85","Contenitore-per-4-scatole-Elica.jpg",VERO,VERO,"SMR","N010",,
28575,11627,"AU0197","Italy","Archivio, organizzazione","Scatole archivio","Scatola archivio storage 26x37","Scatola archivio storage 26x37",32,"27.20","Scatola-archivio-storage.jpg",VERO,FALSO,"SMR","N010",,
28576,11628,"AU0198","Italy","Archivio, organizzazione","Scatole archivio","Contenitore per 4 scatole Elica","Contenitore per 4 scatole Elica",12,"51.93","Contenitore-per-4-scatole-Elica.jpg",VERO,FALSO,"SMR","N010",,
28577,11629,"AU0199","Italy","Archivio, organizzazione","Separatori, divisori","Copert. C.E carton.goffr. A4 250gr./mq bian sc.100","Copert. C.E carton.goffr. A4 250gr./mq bian sc.100",1,"12.58","Cartoncino-per-rilegatura.jpg",VERO,VERO,"SMR","N010",,
28578,11630,"AU0200","Italy","Archivio, organizzazione","Separatori, divisori","Copertina Polytranspar opaco PVC20/100","Copertina Polytranspar opaco PVC20/100",100,"12.11","Copertina-A4-trasparente.jpg",VERO,VERO,"SMR","N010",,
28579,11631,"AU0201","Italy","Archivio, organizzazione","Separatori, divisori","Copertina trasparente 25/100 C.Express A4","Copertina trasparente 25/100 C.Express A4",100,"12.50","Copertina-A4-trasparente.jpg",VERO,VERO,"SMR","N010",,
28580,11632,"AU0202","Italy","Archivio, organizzazione","Separatori, divisori","Copertina trasparente 15/100 C.Express A4","Copertina trasparente 15/100 C.Express A4",100,"7.76","Copertina-A4-trasparente.jpg",VERO,VERO,"SMR","N010",,
28581,11633,"AU0203","Italy","Archivio, organizzazione","Separatori, divisori","Dorsi plastici tondi C.E.dm6mm 25fg.BLU","Dorsi plastici tondi C.E.dm6mm 25fg.BLU sc100",100,"4.79","Spirale-in-plastica-ad-anelli.jpg",VERO,VERO,"SMR","N010",,
28582,11634,"AU0204","Italy","Archivio, organizzazione","Separatori, divisori","Dorsi plastici tondi C.E.dm8mm 45fg.BLU","Dorsi plastici tondi C.E.dm8mm 45fg.BLU sc100",100,"5.50","Spirale-in-plastica-ad-anelli.jpg",VERO,VERO,"SMR","N010",,
28583,11635,"AU0205","Italy","Archivio, organizzazione","Separatori, divisori","Dorsi plastici tondi C.E. dm10mm.70fg.BLU","Dorsi plastici tondi C.E. dm10mm.70fg.BLUsc100",100,"6.32","Spirale-in-plastica-ad-anelli.jpg",VERO,VERO,"SMR","N010",,
28584,11636,"AU0206","Italy","Archivio, organizzazione","Separatori, divisori","Dorsi plastici tondi C.E.dm12mm.100fg.BLU","Dorsi plastici tondi C.E.dm12mm.100fg.BLU sc100",100,"8.71","Spirale-in-plastica-ad-anelli.jpg",VERO,VERO,"SMR","N010",,
28585,11637,"AU0207","Italy","Archivio, organizzazione","Separatori, divisori","Dorsi plastici tondi C.E.dm14mm.125fg.BLU","Dorsi plastici tondi C.E.dm14mm.125fg.BLUsc100",100,"9.95","Spirale-in-plastica-ad-anelli.jpg",VERO,VERO,"SMR","N010",,
28586,11638,"AU0208","Italy","Archivio, organizzazione","Separatori, divisori","Dorsi plastici tondi C.E.dm16mm.145fg.BLU","Dorsi plastici tondi C.E.dm16mm.145fg.BLU  sc100",100,"10.25","Spirale-in-plastica-ad-anelli.jpg",VERO,VERO,"SMR","N010",,
28587,11639,"AU0209","Italy","Archivio, organizzazione","Separatori, divisori","Divisorio 13x23 bianco","Divisorio 13x23 bianco",,"2.84","Divisorio-13x23-bianco.jpg",VERO,VERO,"SMR","N010",,
28588,11640,"AU0210","Italy","Archivio, organizzazione","Separatori, divisori","Divisorio 13x23 bianco","Divisorio 13x23 bianco",1000,"17.00","Divisorio-13x23-bianco.jpg",VERO,FALSO,"SMR","N010",,
28589,11641,"AU0211","Italy","Archivio, organizzazione","Separatori, divisori","Divisorio 13x23 rosa","Divisorio 13x23 rosa",,"3.50","Divisorio-13x23-rosa.jpg",VERO,VERO,"SMR","N010",,
28590,11642,"AU0212","Italy","Archivio, organizzazione","Separatori, divisori","Divisorio 13x23 rosa","Divisorio 13x23 rosa",1000,"21.00","Divisorio-13x23-rosa.jpg",VERO,FALSO,"SMR","N010",,
28591,11643,"AU0213","Italy","Archivio, organizzazione","Separatori, divisori","Divisorio in cartoncino 4 fori giallo","Divisorio in cartoncino 4 fori giallo",100,"3.59","Divisorio-in-cartoncino-2-fori.jpg",VERO,FALSO,"SMR","N010",,
28592,11644,"AU0214","Italy","Archivio, organizzazione","Separatori, divisori","Divisorio in cartoncino 4 fori azzurro","Divisorio in cartoncino 4 fori azzurro",100,"3.59","Divisorio-in-cartoncino-2-fori.jpg",VERO,FALSO,"SMR","N010",,
28593,11645,"AU0215","Italy","Archivio, organizzazione","Separatori, divisori","Divisorio in cartoncino 4 fori verde","Divisorio in cartoncino 4 fori verde",100,"3.59","Divisorio-in-cartoncino-2-fori.jpg",VERO,FALSO,"SMR","N010",,
28594,11646,"AU0216","Italy","Archivio, organizzazione","Separatori, divisori","Divisorio in cartoncino 4 fori rosso","Divisorio in cartoncino 4 fori rosso",100,"3.59","Divisorio-in-cartoncino-2-fori.jpg",VERO,FALSO,"SMR","N010",,
28595,11647,"AU0217","Italy","Archivio, organizzazione","Separatori, divisori","Divisorio in cartoncino 4 fori arancio","Divisorio in cartoncino 4 fori arancio",100,"49.88","Divisorio-in-cartoncino-2-fori.jpg",VERO,FALSO,"SMR","N010",,
28596,11648,"AU0218","Italy","Archivio, organizzazione","Separatori, divisori","Divisorio in cartoncino 4 fori camoscio","Divisorio in cartoncino 4 fori camoscio",100,"3.59","Divisorio-in-cartoncino-2-fori.jpg",VERO,FALSO,"SMR","N010",,
28597,11649,"AU0219","Italy","Archivio, organizzazione","Separatori, divisori","Divisorio in cartoncino 4 fori grigio","Divisorio in cartoncino 4 fori grigio",100,"3.59","Divisorio-in-cartoncino-2-fori.jpg",VERO,FALSO,"SMR","N010",,
28598,11650,"AU0220","Italy","Archivio, organizzazione","Separatori, divisori","Divisorio in cartoncino 2 fori giallo","Divisorio in cartoncino 2 fori giallo",100,"2.60","Divisorio-in-cartoncino-2-fori.jpg",VERO,FALSO,"SMR","N010",,
28599,11651,"AU0221","Italy","Archivio, organizzazione","Separatori, divisori","Divisorio in cartoncino 2 fori azzurro","Divisorio in cartoncino 2 fori azzurro",100,"2.60","Divisorio-in-cartoncino-2-fori.jpg",VERO,FALSO,"SMR","N010",,
28600,11652,"AU0222","Italy","Archivio, organizzazione","Separatori, divisori","Divisorio in cartoncino 2 fori verde","Divisorio in cartoncino 2 fori verde",100,"2.60","Divisorio-in-cartoncino-2-fori.jpg",VERO,FALSO,"SMR","N010",,
28601,11653,"AU0223","Italy","Archivio, organizzazione","Separatori, divisori","Divisorio in cartoncino 2 fori rosso","Divisorio in cartoncino 2 fori rosso",100,"2.60","Divisorio-in-cartoncino-2-fori.jpg",VERO,FALSO,"SMR","N010",,
28602,11654,"AU0224","Italy","Archivio, organizzazione","Separatori, divisori","Divisorio in cartoncino 2 fori arancio","Divisorio in cartoncino 2 fori arancio",100,"2.60","Divisorio-in-cartoncino-2-fori.jpg",VERO,FALSO,"SMR","N010",,
28603,11655,"AU0225","Italy","Archivio, organizzazione","Separatori, divisori","Divisorio in cartoncino 2 fori camoscio","Divisorio in cartoncino 2 fori camoscio",100,"2.70","Divisorio-in-cartoncino-2-fori.jpg",VERO,FALSO,"SMR","N010",,
28604,11656,"AU0226","Italy","Archivio, organizzazione","Separatori, divisori","Divisorio in cartoncino 2 fori grigio","Divisorio in cartoncino 2 fori grigio",100,"2.70","Divisorio-in-cartoncino-2-fori.jpg",VERO,FALSO,"SMR","N010",,
28605,11657,"AU0227","Italy","Archivio, organizzazione","Separatori, divisori","Fastener in metallo","Fastener in metallo",50,"5.21","Fastener-in-metallo.jpg",VERO,FALSO,"SMR","N010",,
28606,11658,"AU0228","Italy","Archivio, organizzazione","Separatori, divisori","Separatore alfabetico A-Z A4","Separatore alfabetico A-Z A4",1,"0.75","Separatore-alfabetico-A-Z-A4.jpg",VERO,FALSO,"SMR","N010",,
28607,11659,"AU0229","Italy","Archivio, organizzazione","Separatori, divisori","Separatore esselte A4 tasti scrivibili","Separatore esselte A4 tasti scrivibili",1,"0.72","Separatore-esselte-A4-tasti-scrivibili.jpg",VERO,FALSO,"SMR","N010",,
28608,11660,"AU0230","Italy","Archivio, organizzazione","Separatori, divisori","Salvabuchi","Salvabuchi",500,"1.93","Salvabuchi.jpg",VERO,FALSO,"SMR","N010",,
28609,11661,"AU0231","Italy","Archivio, organizzazione","Separatori, divisori","Divisorio 2 fori 14x25 blu","Divisorio 2 fori 14x25 blu",200,"6.75","Divisorio-in-cartoncino-2-fori.jpg",VERO,FALSO,"SMR","N010",,
28610,11662,"AU0232","Italy","Archivio, organizzazione","Separatori, divisori","Separatore numerico A4 31 tasti","Separatore numerico A4 31 tasti",1,"1.57","Separatore-numerico-A4-31-tasti.jpg",VERO,FALSO,"SMR","N010",,
28611,11663,"AU0233","Italy","Archivio, organizzazione","Separatori, divisori","Cavalierini autoadesivi in colori assortiti","Cavalierini autoadesivi in colori assortiti",48,"3.55","Cavalierini-autoadesivi-in-colori-assortiti.jpg",VERO,FALSO,"SMR","N010",,
28612,11664,"AU0234","Italy","Archivio, organizzazione","Separatori, divisori","Dorso 3L File Strips","Dorso 3L File Strips",100,"23.69","Dorso-3L-File-Strips.jpg",VERO,FALSO,"SMR","N010",,
