"Object","Object","ID","Country","Categoria","Settore","DescrEn","Prodotto","Confezione","Prezzo",,"Esclusivo","Obsoleto","IDDestinatario","COGE","Note","QuantDef"
14509,11431,"AU0001","Italy","Accessori ufficio","Acc. Scrivania","Perforatore 25 fogli","Perforatore 25 fogli",1,"2.47",,FALSO,FALSO,"SMR","N010",,
14510,11432,"AU0002","Italy","Accessori ufficio","Acc. Scrivania","Cucitrice a pinza ZENITH 548/E","Cucitrice a pinza ZENITH 548/E",1,"13.45",,FALSO,FALSO,"SMR","N010",,
14511,11433,"AU0003","Italy","Accessori ufficio","Acc. Scrivania","Punti Zenith 130/E (confezione da 10 scatole)","Punti Zenith 130/E (confezione da 10 scatole)",10,"4.86",,FALSO,FALSO,"SMR","N010",,
14512,11434,"AU0004","Italy","Accessori ufficio","Acc. Scrivania","Levapunti in metallo","Levapunti in metallo",1,"1.51",,FALSO,FALSO,"SMR","N010",,
14513,11435,"AU0005","Italy","Accessori ufficio","Acc. Scrivania","Forbice impugnatura ABS cm.17","Forbice impugnatura ABS cm.17",1,"0.34",,FALSO,FALSO,"SMR","N010",,
14514,11436,"AU0006","Italy","Accessori ufficio","Acc. Scrivania","Forbici nichelate con impugnatura ABS 21 cm","Forbici nichelate con impugnatura ABS 21 cm",1,"0.79",,FALSO,FALSO,"SMR","N010",,
14515,11437,"AU0007","Italy","Accessori ufficio","Acc. Scrivania","Righello in plexiglass da 20 cm","Righello in plexiglass da 20 cm",1,"0.51",,FALSO,FALSO,"SMR","N010",,
14516,11438,"AU0008","Italy","Accessori ufficio","Acc. Scrivania","Righello in plexiglass da 30 cm","Righello in plexiglass da 30 cm",1,"0.42",,FALSO,FALSO,"SMR","N010",,
14517,11439,"AU0009","Italy","Accessori ufficio","Acc. Scrivania","Temperamatite 1 foro","Temperamatite 1 foro",1,"0.23",,FALSO,FALSO,"SMR","N010",,
14518,11440,"AU0010","Italy","Accessori ufficio","Acc. Scrivania","Temperamatite 2 fori","Temperamatite 2 fori",1,"0.49",,VERO,FALSO,"SMR","N010",,
14519,11441,"AU0011","Italy","Accessori ufficio","Acc. Scrivania","Cucitrice Elica","Cucitrice Elica",1,"4.73",,FALSO,FALSO,"SMR","N010",,
14520,11442,"AU0012","Italy","Accessori ufficio","Acc. Scrivania","Perforatore per alti spessori (70 fogli)","Perforatore per alti spessori (70 fogli)",1,"26.28",,FALSO,FALSO,"SMR","N010",,
14521,11443,"AU0013","Italy","Accessori ufficio","Acc. Scrivania","Cestino gettacarte rosso","Cestino gettacarte rosso",1,"1.88",,FALSO,FALSO,"SMR","N010",,
14522,11444,"AU0014","Italy","Accessori ufficio","Acc. Scrivania","Cestino gettacarte nero","Cestino gettacarte nero",1,"1.88",,FALSO,FALSO,"SMR","N010",,
14523,11445,"AU0015","Italy","Accessori ufficio","Acc. Scrivania","Cestino gettacarte blu","Cestino gettacarte blu",1,"1.88",,FALSO,FALSO,"SMR","N010",,
14524,11446,"AU0016","Italy","Accessori ufficio","Acc. Scrivania","Cestino gettacarte grigio","Cestino gettacarte grigio",1,"1.88",,FALSO,FALSO,"SMR","N010",,
14525,11447,"AU0017","Italy","Accessori ufficio","Acc. Scrivania","Bacinella Portacorrispondenza Acco blu","Bacinella Portacorrispondenza Acco blu",1,"2.50",,FALSO,FALSO,"SMR","N010",,
14526,11448,"AU0018","Italy","Accessori ufficio","Acc. Scrivania","Bacinella Portacorrispondenza Acco nera","Bacinella Portacorrispondenza Acco nera",1,"2.50",,FALSO,FALSO,"SMR","N010",,
14527,11449,"AU0019","Italy","Accessori ufficio","Acc. Scrivania","Bacinella Portacorrispondenza Acco rossa","Bacinella Portacorrispondenza Acco rossa",1,"2.50",,FALSO,FALSO,"SMR","N010",,
14528,11450,"AU0020","Italy","Accessori ufficio","Acc. Scrivania","Portariviste Rack blu","Portariviste Rack blu",1,"3.56",,FALSO,FALSO,"SMR","N010",,
14529,11451,"AU0021","Italy","Accessori ufficio","Acc. Scrivania","Portariviste Rack nero","Portariviste Rack nero",1,"3.56",,FALSO,FALSO,"SMR","N010",,
14530,11452,"AU0022","Italy","Accessori ufficio","Acc. Scrivania","Portariviste Rack rosso","Portariviste Rack rosso",1,"3.56",,FALSO,FALSO,"SMR","N010",,
14531,11453,"AU0023","Italy","Accessori ufficio","Acc. Scrivania","Perforatore a 4 fori","Perforatore a 4 fori",1,"12.52",,FALSO,FALSO,"SMR","N010",,
14532,11454,"AU0024","Italy","Accessori ufficio","Acc. Scrivania","Scatola di punti Zenith 515","Scatola di punti Zenith 515",1,"0.76",,FALSO,FALSO,"SMR","N010",,
14533,11455,"AU0025","Italy","Accessori ufficio","Acc. Scrivania","Cucitrice Rapid per alti spessori","Cucitrice Rapid per alti spessori",1,"13.02",,FALSO,FALSO,"SMR","N010",,
14534,11456,"AU0026","Italy","Accessori ufficio","Acc. Scrivania","Sottomano trasparente","Sottomano trasparente",1,"4.37",,FALSO,FALSO,"SMR","N010",,
14535,11457,"AU0027","Italy","Accessori ufficio","Acc. Scrivania","Portaoggetti da scrivania","Portaoggetti da scrivania",1,"16.38",,FALSO,FALSO,"SMR","N010",,
14536,11458,"AU0028","Italy","Accessori ufficio","Acc. Scrivania","Bicchiere portapenne nero","Bicchiere portapenne nero",1,"1.32",,FALSO,FALSO,"SMR","N010",,
14537,11459,"AU0029","Italy","Accessori ufficio","Acc. Scrivania","Bicchiere portapenne nero","Bicchiere portapenne nero",1,"1.32",,FALSO,FALSO,"SMR","N010",,
14538,11460,"AU0030","Italy","Accessori ufficio","Acc. Scrivania","Spugna bagnadita","Spugna bagnadita",1,"1.49",,FALSO,FALSO,"SMR","N010",,
14539,11461,"AU0031","Italy","Accessori ufficio","Colla","Colla Stick Pritt 40gr.","Colla Stick Pritt 40gr.",1,"1.28",,FALSO,FALSO,"SMR","N010",,
14540,11462,"AU0032","Italy","Accessori ufficio","Colla","Colla stick Pritt 20 g","Colla stick Pritt 20 g",1,"0.78",,FALSO,FALSO,"SMR","N010",,
14541,11463,"AU0033","Italy","Accessori ufficio","Colla","Colla a nastro mini roller","Colla a nastro mini roller",1,"2.48",,FALSO,FALSO,"SMR","N010",,
14542,11464,"AU0034","Italy","Accessori ufficio","Colla","Super attack","Super attack",1,"3.69",,FALSO,FALSO,"SMR","N010",,
14543,11465,"AU0035","Italy","Accessori ufficio","Colla","Colla a nastro roller ricaricabile perm.","Colla a nastro roller ricaricabile perm.",1,"4.24",,FALSO,FALSO,"SMR","N010",,
14544,11466,"AU0036","Italy","Accessori ufficio","Colla","Ricarica per colla nastro perm.","Ricarica per colla nastro perm.",1,"3.03",,FALSO,FALSO,"SMR","N010",,
14545,11467,"AU0037","Italy","Accessori ufficio","Fermagli","Scatola da 100 fermagli zincati N.2","Scatola da 100 fermagli zincati N.2",10,"1.48",,FALSO,FALSO,"SMR","N010",,
14546,11468,"AU0038","Italy","Accessori ufficio","Fermagli","Scatola da 100 fermagli zincati N.3","Scatola da 100 fermagli zincati N.3",10,"1.69",,FALSO,FALSO,"SMR","N010",,
14547,11469,"AU0039","Italy","Accessori ufficio","Fermagli","Scatola da 100 fermagli zincati N.4","Scatola da 100 fermagli zincati N.4",10,"1.68",,FALSO,FALSO,"SMR","N010",,
14548,11470,"AU0040","Italy","Accessori ufficio","Fermagli","Scatola da 100 fermagli zincati N.6","Scatola da 100 fermagli zincati N.6",10,"5.09",,FALSO,FALSO,"SMR","N010",,
14549,11471,"AU0041","Italy","Accessori ufficio","Fermagli","Scatola da 100 fermagli zincati N.5","Scatola da 100 fermagli zincati N.5",10,"3.85",,FALSO,FALSO,"SMR","N010",,
14550,11472,"AU0042","Italy","Accessori ufficio","Fermagli","Molle fermafogli 1,9 mm","Molle fermafogli 1,9 mm (conf.12)",12,"0.44",,FALSO,FALSO,"SMR","N010",,
14551,11473,"AU0043","Italy","Accessori ufficio","Fermagli","Molle fermafogli 2,5 mm","Molle fermafogli 2,5 mm (conf.12)",12,"0.45",,FALSO,FALSO,"SMR","N010",,
14552,11474,"AU0044","Italy","Accessori ufficio","Fermagli","Molle fermafogli 3,2 mm","Molle fermafogli 3,2 mm (conf.12)",12,"0.56",,FALSO,FALSO,"SMR","N010",,
14553,11475,"AU0045","Italy","Accessori ufficio","Fermagli","Molle fermafogli 4,1 mm","Molle fermafogli 4,1 mm (conf.12)",12,"0.97",,FALSO,FALSO,"SMR","N010",,
14554,11476,"AU0046","Italy","Accessori ufficio","Fermagli","Molle fermafogli 5,1 mm","Molle fermafogli 5,1 mm (conf.12)",12,"1.67",,FALSO,FALSO,"SMR","N010",,
14555,11477,"AU0047","Italy","Accessori ufficio","Nastro adesivo, acc.","Scotch Magic 810 permanente 19x33mt.","Scotch Magic 810 permanente 19x33mt.",1,"1.37",,FALSO,FALSO,"SMR","N010",,
14556,11478,"AU0048","Italy","Accessori ufficio","Nastro adesivo, acc.","Nastro adesivo Scotch 508 19x33mt.","Nastro adesivo Scotch 508 19x33mt.",8,"2.35",,FALSO,FALSO,"SMR","N010",,
14557,11479,"AU0049","Italy","Accessori ufficio","Nastro adesivo, acc.","Nastro adesivo Scotch 508 19x66mt.","Nastro adesivo Scotch 508 19x66mt.",8,"3.54",,FALSO,FALSO,"SMR","N010",,
14558,11480,"AU0050","Italy","Accessori ufficio","Nastro adesivo, acc.","Dispenser da tavolo nastro 19x33","Dispenser da tavolo nastro 19x33",1,"1.22",,FALSO,FALSO,"SMR","N010",,
14559,11481,"AU0051","Italy","Accessori ufficio","Timbri, acc.","Portatimbri rotondo 6 posti","Portatimbri rotondo 6 posti",1,"2.21",,FALSO,FALSO,"SMR","N010",,
14560,11482,"AU0052","Italy","Accessori ufficio","Timbri, acc.","Portatimbri rotondo 12 posti","Portatimbri rotondo 12 posti",1,"2.43",,FALSO,FALSO,"SMR","N010",,
14561,11483,"AU0053","Italy","Accessori ufficio","Timbri, acc.","Portatimbri lineare 12 posti","Portatimbri lineare 12 posti",1,"3.69",,FALSO,FALSO,"SMR","N010",,
14562,11484,"AU0054","Italy","Accessori ufficio","Timbri, acc.","Inchiostro per timbri blu","Inchiostro per timbri blu",1,"0.83",,FALSO,FALSO,"SMR","N010",,
14563,11485,"AU0055","Italy","Accessori ufficio","Timbri, acc.","Inchiostro per timbri nero","Inchiostro per timbri nero",1,"0.83",,FALSO,FALSO,"SMR","N010",,
14564,11486,"AU0056","Italy","Accessori ufficio","Timbri, acc.","Inchiostro per timbri rosso","Inchiostro per timbri rosso",1,"0.83",,FALSO,FALSO,"SMR","N010",,
14565,11487,"AU0057","Italy","Accessori ufficio","Timbri, acc.","Inchiostro per timbri nero ad olio","Inchiostro per timbri nero ad olio",1,"1.73",,FALSO,FALSO,"SMR","N010",,
14566,11488,"AU0058","Italy","Accessori ufficio","Timbri, acc.","Cuscinetto per timbri 7x11 blu","Cuscinetto per timbri 7x11 blu",1,"2.36",,FALSO,FALSO,"SMR","N010",,
14567,11489,"AU0059","Italy","Accessori ufficio","Timbri, acc.","Cuscinetto per timbri 7x11 nero","Cuscinetto per timbri 7x11 nero",1,"2.36",,FALSO,FALSO,"SMR","N010",,
14568,11490,"AU0060","Italy","Accessori ufficio","Timbri, acc.","Cuscinetto per timbri 7x11 rosso","Cuscinetto per timbri 7x11 rosso",1,"2.36",,FALSO,FALSO,"SMR","N010",,
14569,11491,"AU0061","Italy","Accessori ufficio","Timbri, acc.","Datario in gomma mm5","Datario in gomma mm5",1,"2.16",,FALSO,FALSO,"SMR","N010",,
14570,11492,"AU0062","Italy","Accessori ufficio","Timbri, acc.","Numeratore automatico 3887","Numeratore automatico 3887",1,"97.30",,FALSO,FALSO,"SMR","N010",,
14571,11493,"AU0063","Italy","Accessori ufficio","Timbri, acc.","Feltri di ricambio per numeratore","Feltri di ricambio per numeratore",1,"5.37",,FALSO,FALSO,"SMR","N010",,
0,0,"AU0064","Italy","Accessori ufficio","Timbri, acc.","Feltro per Colop printer 30","Feltro per Colop printer 30",1,"5.37",,FALSO,FALSO,"SMR","N010",,
0,0,"AU0065","Italy","Accessori ufficio","Timbri, acc.","Feltro per Colop printer 20","Feltro per Colop printer 20",1,"5.37",,FALSO,FALSO,"SMR","N010",,
14572,11494,"AU0066","Italy","Accessori ufficio","Timbri, acc.","Tamponcini di ricambio Trodat 4912","Tamponcini di ricambio Trodat 4912",2,"5.21",,FALSO,FALSO,"SMR","N010",,
14573,11495,"AU0067","Italy","Archivio, organizzazione","Acc. rilegatura","Cartoncino per rilegatura 270 gr NERO","Cartoncino per rilegatura 270 gr NERO",100,"4.74",,FALSO,FALSO,"SMR","N010",,
14574,11496,"AU0068","Italy","Archivio, organizzazione","Acc. rilegatura","Cartoncino per rilegatura 270 gr BLU","Cartoncino per rilegatura 270 gr BLU",100,"4.74",,FALSO,FALSO,"SMR","N010",,
14575,11497,"AU0069","Italy","Archivio, organizzazione","Acc. rilegatura","Cartoncino per rilegatura 270 gr GIALLO","Cartoncino per rilegatura 270 gr GIALLO",100,"4.74",,FALSO,FALSO,"SMR","N010",,
14576,11498,"AU0070","Italy","Archivio, organizzazione","Acc. rilegatura","Cartoncino per rilegatura 270 gr BIANCO","Cartoncino per rilegatura 270 gr BIANCO",100,"4.74",,FALSO,FALSO,"SMR","N010",,
14577,11499,"AU0071","Italy","Archivio, organizzazione","Acc. rilegatura","Cartoncino per rilegatura 270 gr VERDE","Cartoncino per rilegatura 270 gr VERDE",100,"4.74",,FALSO,FALSO,"SMR","N010",,
14578,11500,"AU0072","Italy","Archivio, organizzazione","Acc. rilegatura","Cartoncino per rilegatura 270 gr ROSSO","Cartoncino per rilegatura 270 gr ROSSO",100,"4.74",,FALSO,FALSO,"SMR","N010",,
14579,11501,"AU0073","Italy","Archivio, organizzazione","Acc. rilegatura","Copertina flessibile per rilegatura Channel AA","Copertina flessibile per rilegatura Channel AA",10,"16.18",,FALSO,FALSO,"SMR","N010",,
14580,11502,"AU0074","Italy","Archivio, organizzazione","Acc. rilegatura","Spirale in plastica ad anelli mm 6 tondo","Spirale in plastica ad anelli mm 6 tondo",100,"2.97",,FALSO,FALSO,"SMR","N010",,
14581,11503,"AU0075","Italy","Archivio, organizzazione","Acc. rilegatura","Spirale in plastica ad anelli mm 8 tondo","Spirale in plastica ad anelli mm 8 tondo",100,"3.99",,FALSO,FALSO,"SMR","N010",,
14582,11504,"AU0076","Italy","Archivio, organizzazione","Acc. rilegatura","Spirale in plastica ad anelli mm 10 tondo","Spirale in plastica ad anelli mm 10 tondo",100,"4.73",,FALSO,FALSO,"SMR","N010",,
14583,11505,"AU0077","Italy","Archivio, organizzazione","Acc. rilegatura","Spirale in plastica ad anelli mm 14 tondo","Spirale in plastica ad anelli mm 14 tondo",100,"8.67",,FALSO,FALSO,"SMR","N010",,
14584,11506,"AU0078","Italy","Archivio, organizzazione","Acc. rilegatura","Spirale in plastica ad anelli mm 16 tondo","Spirale in plastica ad anelli mm 16 tondo",100,"7.53",,FALSO,FALSO,"SMR","N010",,
14585,11507,"AU0079","Italy","Archivio, organizzazione","Acc. rilegatura","Spirale in plastica ad anelli mm 19 tondo","Spirale in plastica ad anelli mm 19 tondo",100,"4.89",,FALSO,FALSO,"SMR","N010",,
14586,11508,"AU0080","Italy","Archivio, organizzazione","Acc. rilegatura","Spirale in plastica ad anelli mm 25 tondo","Spirale in plastica ad anelli mm 25 tondo",100,"9.45",,FALSO,FALSO,"SMR","N010",,
14587,11509,"AU0081","Italy","Archivio, organizzazione","Acc. rilegatura","Copertina A4 trasparente","Copertina A4 trasparente",200,"4.85",,FALSO,FALSO,"SMR","N010",,
14588,11510,"AU0082","Italy","Archivio, organizzazione","Acc. rilegatura","Spirale in plastica ad anelli mm12 tondo","Spirale in plastica ad anelli mm12 tondo",100,"4.77",,FALSO,FALSO,"SMR","N010",,
14589,11511,"AU0083","Italy","Archivio, organizzazione","Acc. rilegatura","Pouches adesive peel'n'stick","Pouches adesive peel'n'stick",100,"50.30",,FALSO,FALSO,"SMR","N010",,
14590,11512,"AU0084","Italy","Archivio, organizzazione","Acc. rilegatura","Spirale in plastica ad anelli mm 22 tondo","Spirale in plastica ad anelli mm 22 tondo",100,"6.04",,FALSO,FALSO,"SMR","N010",,
14591,11513,"AU0085","Italy","Archivio, organizzazione","Cartelle sospese","Cartella sospesa armadio V 33 cm","Cartella sospesa armadio V 33 cm",50,"13.00",,FALSO,FALSO,"SMR","N010",,
14592,11514,"AU0086","Italy","Archivio, organizzazione","Cartelle sospese","Cartella sospesa armadio U 33 cm","Cartella sospesa armadio U 33 cm",50,"17.50",,FALSO,FALSO,"SMR","N010",,
14593,11515,"AU0087","Italy","Archivio, organizzazione","Cartelle sospese","Cartella sospesa cassetto V 33 cm","Cartella sospesa cassetto V 33 cm",50,"13.00",,FALSO,FALSO,"SMR","N010",,
14594,11516,"AU0088","Italy","Archivio, organizzazione","Cartelle sospese","Cartella sospesa cassetto U 33 cm","Cartella sospesa cassetto U 33 cm",50,"17.50",,FALSO,FALSO,"SMR","N010",,
14595,11517,"AU0089","Italy","Archivio, organizzazione","Cartelle sospese","Cartella sospesa cassetto V 39.5 cm","Cartella sospesa cassetto V 39.5 cm",50,"17.50",,FALSO,FALSO,"SMR","N010",,
14596,11518,"AU0090","Italy","Archivio, organizzazione","Cartelle sospese","Cartella sospesa cassetto U 39.5 cm","Cartella sospesa cassetto U 39.5 cm",50,"17.50",,FALSO,FALSO,"SMR","N010",,
14597,11519,"AU0091","Italy","Archivio, organizzazione","Cartelline","Cartella manilla semplice senza lembi 190 gr rosso","Cartella manilla semplice senza lembi 190 gr rosso",50,"5.63",,FALSO,FALSO,"SMR","N010",,
14598,11520,"AU0092","Italy","Archivio, organizzazione","Cartelline","Cartella manilla semplice senza lembi 190 gr azzurrro","Cartella manilla semplice senza lembi 190 gr azzurrro",50,"5.63",,FALSO,FALSO,"SMR","N010",,
14599,11521,"AU0093","Italy","Archivio, organizzazione","Cartelline","Cartella manilla semplice senza lembi 190 gr verde","Cartella manilla semplice senza lembi 190 gr verde",50,"5.63",,FALSO,FALSO,"SMR","N010",,
14600,11522,"AU0094","Italy","Archivio, organizzazione","Cartelline","Cartella manilla semplice senza lembi 190 gr giallo","Cartella manilla semplice senza lembi 190 gr giallo",50,"5.63",,FALSO,FALSO,"SMR","N010",,
14601,11523,"AU0095","Italy","Archivio, organizzazione","Cartelline","Cartella manilla tre lembi rosso","Cartella manilla tre lembi rosso",50,"3.80",,FALSO,FALSO,"SMR","N010",,
14602,11524,"AU0096","Italy","Archivio, organizzazione","Cartelline","Cartella manilla tre lembi verde","Cartella manilla tre lembi verde",50,"3.80",,FALSO,FALSO,"SMR","N010",,
14603,11525,"AU0097","Italy","Archivio, organizzazione","Cartelline","Cartella manilla tre lembi giallo","Cartella manilla tre lembi giallo",50,"3.80",,FALSO,FALSO,"SMR","N010",,
14604,11526,"AU0098","Italy","Archivio, organizzazione","Cartelline","Cartella manilla tre lembi azzurro","Cartella manilla tre lembi azzurro",50,"3.80",,FALSO,FALSO,"SMR","N010",,
14605,11527,"AU0099","Italy","Archivio, organizzazione","Cartelline","Cartellina presentazione con molla dorso 8mm rosso","Cartellina presentazione con molla dorso 8mm rosso",5,"2.55",,FALSO,FALSO,"SMR","N010",,
14606,11528,"AU0100","Italy","Archivio, organizzazione","Cartelline","Cartellina presentazione con molla dorso 8mm verde","Cartellina presentazione con molla dorso 8mm verde",5,"2.55",,FALSO,FALSO,"SMR","N010",,
14607,11529,"AU0101","Italy","Archivio, organizzazione","Cartelline","Cartellina presentazione con molla dorso 8mm giallo","Cartellina presentazione con molla dorso 8mm giallo",5,"2.55",,FALSO,FALSO,"SMR","N010",,
14608,11530,"AU0102","Italy","Archivio, organizzazione","Cartelline","Cartellina presentazione con molla dorso 8mm azzurro","Cartellina presentazione con molla dorso 8mm azzurro",5,"2.55",,FALSO,FALSO,"SMR","N010",,
14609,11531,"AU0103","Italy","Archivio, organizzazione","Cartelline","Cartellina presentazione con molla dorso 8mm bianco","Cartellina presentazione con molla dorso 8mm bianco",5,"2.55",,FALSO,FALSO,"SMR","N010",,
14610,11532,"AU0104","Italy","Archivio, organizzazione","Cartelline","Cartellina full con tasca Acco rosso","Cartellina full con tasca Acco rosso",5,"1.35",,FALSO,FALSO,"SMR","N010",,
14611,11533,"AU0105","Italy","Archivio, organizzazione","Cartelline","Cartellina full con tasca Acco verde","Cartellina full con tasca Acco verde",5,"1.35",,FALSO,FALSO,"SMR","N010",,
14612,11534,"AU0106","Italy","Archivio, organizzazione","Cartelline","Cartellina full con tasca Acco giallo","Cartellina full con tasca Acco giallo",5,"1.35",,FALSO,FALSO,"SMR","N010",,
14613,11535,"AU0107","Italy","Archivio, organizzazione","Cartelline","Cartellina full con tasca Acco azzurro","Cartellina full con tasca Acco azzurro",5,"1.35",,FALSO,FALSO,"SMR","N010",,
14615,11536,"AU0108","Italy","Archivio, organizzazione","Cartelline","Cartellina full con tasca Acco trasparente","Cartellina full con tasca Acco trasparente",5,"1.35",,FALSO,FALSO,"SMR","N010",,
14616,11537,"AU0109","Italy","Archivio, organizzazione","Cartelline","Cartella con elastico a 3 lembi blu","Cartella con elastico a 3 lembi blu",10,"6.34",,FALSO,FALSO,"SMR","N010",,
14618,11538,"AU0110","Italy","Archivio, organizzazione","Cartelline","Cartella con elastico a 3 lembi rosso","Cartella con elastico a 3 lembi rosso",10,"6.34",,FALSO,FALSO,"SMR","N010",,
14619,11539,"AU0111","Italy","Archivio, organizzazione","Cartelline","Cartella con elastico a 3 lembi verde","Cartella con elastico a 3 lembi verde",10,"6.34",,FALSO,FALSO,"SMR","N010",,
14621,11540,"AU0112","Italy","Archivio, organizzazione","Cartelline","Cartella con elastico a 3 lembi giallo","Cartella con elastico a 3 lembi giallo",10,"6.34",,FALSO,FALSO,"SMR","N010",,
14622,11541,"AU0113","Italy","Archivio, organizzazione","Cartelline","Cartellina blu 21x30 con fermaglio","Cartellina blu 21x30 con fermaglio",10,"1.80",,FALSO,FALSO,"SMR","N010",,
14623,11542,"AU0114","Italy","Archivio, organizzazione","Cartelline","Cartellina rossa 21x30 con fermaglio","Cartellina rossa 21x30 con fermaglio",10,"1.80",,FALSO,FALSO,"SMR","N010",,
14625,11543,"AU0115","Italy","Archivio, organizzazione","Cartelline","Cartellina verde 21x30 con fermaglio","Cartellina verde 21x30 con fermaglio",10,"1.80",,FALSO,FALSO,"SMR","N010",,
14627,11544,"AU0116","Italy","Archivio, organizzazione","Cartelline","Cartellina gialla 21x30 con fermaglio","Cartellina gialla 21x30 con fermaglio",10,"1.80",,FALSO,FALSO,"SMR","N010",,
14628,11545,"AU0117","Italy","Archivio, organizzazione","Cartelline","Cartellina a busta con bottone di colori assortiti","Cartellina a busta con bottone di colori assortiti",6,"3.60",,FALSO,FALSO,"SMR","N010",,
14629,11546,"AU0118","Italy","Archivio, organizzazione","Cartelline","Cartellina con finestra Blasetti azzurro","Cartellina con finestra Blasetti azzurro",50,"4.50",,FALSO,FALSO,"SMR","N010",,
14631,11547,"AU0119","Italy","Archivio, organizzazione","Cartelline","Cartellina con finestra Blasetti verde","Cartellina con finestra Blasetti verde",50,"4.50",,FALSO,FALSO,"SMR","N010",,
14632,11548,"AU0120","Italy","Archivio, organizzazione","Cartelline","Cartellina con finestra Blasetti giallo","Cartellina con finestra Blasetti giallo",50,"4.50",,FALSO,FALSO,"SMR","N010",,
14634,11549,"AU0121","Italy","Archivio, organizzazione","Cartelline","Cartellina con finestra Blasetti rosa","Cartellina con finestra Blasetti rosa",50,"4.50",,FALSO,FALSO,"SMR","N010",,
14635,11550,"AU0122","Italy","Archivio, organizzazione","Cassettiere","Cassettiera Leitz 4 cassetti","Cassettiera Leitz 4 cassetti",1,"33.97",,FALSO,FALSO,"SMR","N010",,
14637,11551,"AU0123","Italy","Archivio, organizzazione","Espositori","Espositore da banco 1/3 di A4","Espositore da banco 1/3 di A4",1,"2.65",,FALSO,FALSO,"SMR","N010",,
14638,0,"AU0124","Italy","Archivio, organizzazione","Raccoglitori","Raccoglitori Elica","Raccoglitori Elica",,,,FALSO,FALSO,"SMR","N010",,
14640,0,"AU0125","Italy","Archivio, organizzazione","Raccoglitori","Raccoglitori Dox","Raccoglitori Dox",,,,FALSO,FALSO,"SMR","N010",,
14641,0,"AU0126","Italy","Archivio, organizzazione","Raccoglitori","Raccoglitori Oxford","Raccoglitori Oxford",,,,FALSO,FALSO,"SMR","N010",,
14642,0,"AU0127","Italy","Archivio, organizzazione","Raccoglitori","Cartelle ad anelli","Cartelle ad anelli",,,,FALSO,FALSO,"SMR","N010",,
14644,0,"AU0128","Italy","Archivio, organizzazione","Raccoglitori","Copridorso","Copridorso",,,,FALSO,FALSO,"SMR","N010",,
14646,0,"AU0129","Italy","Archivio, organizzazione","Raccoglitori","Raccoglitori Esselte","Raccoglitori Esselte",,,,FALSO,FALSO,"SMR","N010",,
14647,0,"AU0130","Italy","Archivio, organizzazione","Raccoglitori","Raccoglitori Vic","Raccoglitori Vic",,,,FALSO,FALSO,"SMR","N010",,
14648,11552,"AU0131","Italy","Archivio, organizzazione","Raccoglitori","Registratore dox 4 comm. rosso D.5 cf 12","Registratore dox 4 comm. Rosso D.5 cf 12",1,"41.40",,FALSO,VERO,"SMR","N010",,
14649,11553,"AU0132","Italy","Archivio, organizzazione","Raccoglitori","Registratore dox 4 comm. blu D.5 cf 12","Registratore dox 4 comm. blu D.5 cf 12",1,"41.40",,FALSO,VERO,"SMR","N010",,
14650,11554,"AU0133","Italy","Archivio, organizzazione","Raccoglitori","Registratore dox 4 comm. giallo D.5 cf 12","Registratore dox 4 comm. giallo D.5 cf 12",1,"41.40",,FALSO,VERO,"SMR","N010",,
14651,11555,"AU0134","Italy","Archivio, organizzazione","Raccoglitori","Registratore dox 4 comm. verde D.5 cf 12","Registratore dox 4 comm. verde D.5 cf 12",1,"41.40",,FALSO,VERO,"SMR","N010",,
14652,11556,"AU0135","Italy","Archivio, organizzazione","Raccoglitori","Registratore dox 5 prot. rosso D.5 cf 12","Registratore dox 5 prot. rosso D.5 cf 12",1,"41.40",,FALSO,VERO,"SMR","N010",,
14653,11557,"AU0136","Italy","Archivio, organizzazione","Raccoglitori","Registratore dox 5 prot. blu D.5 cf 12","Registratore dox 5 prot. blu D.5 cf 12",1,"41.40",,FALSO,VERO,"SMR","N010",,
14654,11558,"AU0137","Italy","Archivio, organizzazione","Raccoglitori","Registratore dox 5 prot. verde D.5 cf 12","Registratore dox 5 prot. verde D.5 cf 12",1,"41.40",,FALSO,VERO,"SMR","N010",,
14655,11559,"AU0138","Italy","Archivio, organizzazione","Raccoglitori","Registratore dox 1 comm. rosso D.8","Registratore dox 1 comm. rosso D.8 cf 12",6,"24.65",,FALSO,FALSO,"SMR","N010",,
14656,11560,"AU0139","Italy","Archivio, organizzazione","Raccoglitori","Registratore dox 1 comm. blu D.8","Registratore dox 1 comm. blu D.8 cf 12",6,"24.65",,FALSO,FALSO,"SMR","N010",,
14657,11561,"AU0140","Italy","Archivio, organizzazione","Raccoglitori","Registratore dox 1 comm. giallo D.8","Registratore dox 1 comm. giallo D.8 cf 12",6,"24.65",,FALSO,FALSO,"SMR","N010",,
14658,11562,"AU0141","Italy","Archivio, organizzazione","Raccoglitori","Registratore dox 1 comm. verde D.8","Registratore dox 1 comm. verde D.8 cf 12",6,"24.65",,FALSO,FALSO,"SMR","N010",,
14659,11563,"AU0142","Italy","Archivio, organizzazione","Raccoglitori","Registratore dox 2 prot. rosso D.5 cf 12","Registratore dox 2 prot. rosso D.5 cf 12",1,"41.40",,FALSO,VERO,"SMR","N010",,
14660,11564,"AU0143","Italy","Archivio, organizzazione","Raccoglitori","Registratore dox 2 prot. blu D.5 cf 12","Registratore dox 2 prot. blu D.5 cf 12",1,"41.40",,FALSO,VERO,"SMR","N010",,
14661,11565,"AU0144","Italy","Archivio, organizzazione","Raccoglitori","Registratore dox 2 prot. giallo D.5 cf 12","Registratore dox 2 prot. giallo D.5 cf 12",1,"41.40",,FALSO,VERO,"SMR","N010",,
14662,11566,"AU0145","Italy","Archivio, organizzazione","Raccoglitori","Registratore dox 2 prot. verde D.5 cf 12","Registratore dox 2 prot. verde D.5 cf 12",1,"41.40",,FALSO,VERO,"SMR","N010",,
14663,11567,"AU0146","Italy","Archivio, organizzazione","Raccoglitori","Portariviste trasp. d/muro orizzontale 36x18x6 (art. 41313P)","Portariviste trasp. d/muro orizzontale 36x18x6 (art. 41313P)",1,"6.65",,FALSO,VERO,"SMR","N010",,
14664,11568,"AU0147","Italy","Archivio, organizzazione","Raccoglitori","Registratore con custodia neutro protocollo dorso 8 conf. 12","Registratore con custodia neutro protocollo dorso 8 conf. 12",1,"1.91",,FALSO,VERO,"SMR","N010",,
14665,11569,"AU0148","Italy","Archivio, organizzazione","Raccoglitori","Cartella Spring a tre lembi colori assortiti 190 gr","Cartella Spring a tre lembi colori assortiti 190 gr",1,"5.20",,FALSO,VERO,"SMR","N010",,
14666,11570,"AU0149","Italy","Archivio, organizzazione","Raccoglitori","Cartella manilla semplice senza lembi 190 gr grigio","Cartella manilla semplice senza lembi 190 gr grigio",1,"5.10",,FALSO,VERO,"SMR","N010",,
14667,11571,"AU0150","Italy","Archivio, organizzazione","Raccoglitori","Cartella manilla semplice senza lembi 190 gr colori assortiti","Cartella manilla semplice senza lembi 190 gr colori assortiti",1,"5.10",,FALSO,VERO,"SMR","N010",,
14668,11572,"AU0151","Italy","Archivio, organizzazione","Raccoglitori","Racc. C. Express 4A D bianco f.u. 22x30 cm. Diam. 25 mm (art. 24129Y)","Racc. C. Express 4A D bianco f.u. 22x30 cm. Diam. 25 mm (art. 24129Y)",1,"2.73",,FALSO,VERO,"SMR","N010",,
14669,11573,"AU0152","Italy","Archivio, organizzazione","Raccoglitori","Racc. C. Express 4A D bianco f.u. 22x30 cm. Diam. 35 mm (art. 24132M)","Racc. C. Express 4A D bianco f.u. 22x30 cm. Diam. 35 mm (art. 24132M)",1,"3.02",,FALSO,VERO,"SMR","N010",,
14670,11574,"AU0153","Italy","Archivio, organizzazione","Raccoglitori","Racc. C. Express 4A D bianco f.u. 22x30 cm. Diam. 45 mm (art. 24134Z)","Racc. C. Express 4A D bianco f.u. 22x30 cm. Diam. 45 mm (art. 24134Z)",1,"3.28",,FALSO,VERO,"SMR","N010",,
14671,11575,"AU0154","Italy","Archivio, organizzazione","Raccoglitori","Racc. C. Express 4A D bianco f.u. 22x30 cm. Diam. 65 mm (art. 26799S)","Racc. C. Express 4A D bianco f.u. 22x30 cm. Diam. 65 mm (art. 26799S)",1,"5.17",,FALSO,VERO,"SMR","N010",,
14672,11576,"AU0155","Italy","Archivio, organizzazione","Raccoglitori","Portalistino personalizzabile PPL 30 buste 22x30 (art. 27812K)","Portalistino personalizzabile PPL 30 buste 22x30 (art. 27812K)",1,"2.68",,FALSO,VERO,"SMR","N010",,
14673,11577,"AU0156","Italy","Archivio, organizzazione","Raccoglitori","Raccoglitore personalizzabile 4 anelli bianco mm20","Raccoglitore personalizzabile 4 anelli bianco mm20",1,"3.77",,FALSO,VERO,"SMR","N010",,
14674,11578,"AU0157","Italy","Archivio, organizzazione","Raccoglitori","Raccoglitore personalizzabile 4 anelli bianco mm30","Raccoglitore personalizzabile 4 anelli bianco mm30",1,"4.15",,FALSO,VERO,"SMR","N010",,
14675,11579,"AU0158","Italy","Archivio, organizzazione","Raccoglitori","Raccoglitore personalizzabile 4 anelli bianco mm35","Raccoglitore personalizzabile 4 anelli bianco mm35",1,"4.33",,FALSO,VERO,"SMR","N010",,
14676,11580,"AU0159","Italy","Archivio, organizzazione","Raccoglitori","Raccoglitore personalizzabile 4 anelli bianco mm40","Raccoglitore personalizzabile 4 anelli bianco mm40",1,"4.34",,FALSO,VERO,"SMR","N010",,
14677,11581,"AU0160","Italy","Archivio, organizzazione","Raccoglitori","Raccoglitore personalizzabile 4 anelli bianco mm52","Raccoglitore personalizzabile 4 anelli bianco mm52",1,"4.96",,FALSO,VERO,"SMR","N010",,
14678,11582,"AU0161","Italy","Archivio, organizzazione","Raccoglitori","Raccoglitore personalizzabile 4 anelli bianco mm65","Raccoglitore personalizzabile 4 anelli bianco mm65",1,"7.42",,FALSO,VERO,"SMR","N010",,
14679,11583,"AU0162","Italy","Archivio, organizzazione","Raccoglitori","Raccoglitore Elica d8 protocollo blu","Raccoglitore Elica d8 protocollo blu",1,"1.52",,FALSO,FALSO,"SMR","N010",,
14680,11584,"AU0163","Italy","Archivio, organizzazione","Raccoglitori","Raccoglitore Elica d8 protocollo rosso","Raccoglitore Elica d8 protocollo rosso",1,"1.52",,FALSO,FALSO,"SMR","N010",,
14681,11585,"AU0164","Italy","Archivio, organizzazione","Raccoglitori","Raccoglitore Elica d8 protocollo verde","Raccoglitore Elica d8 protocollo verde",1,"1.50",,FALSO,FALSO,"SMR","N010",,
14682,11586,"AU0165","Italy","Archivio, organizzazione","Raccoglitori","Raccoglitore Elica d8 protocollo nero","Raccoglitore Elica d8 protocollo nero",1,"1.52",,FALSO,FALSO,"SMR","N010",,
14683,11587,"AU0166","Italy","Archivio, organizzazione","Raccoglitori","Raccoglitore Elica d8 protocollo giallo","Raccoglitore Elica d8 protocollo giallo",1,"1.52",,FALSO,FALSO,"SMR","N010",,
14684,11588,"AU0167","Italy","Archivio, organizzazione","Raccoglitori","Raccoglitore Elica d8 commerciale blu","Raccoglitore Elica d8 commerciale blu",1,"1.50",,FALSO,FALSO,"SMR","N010",,
14685,11589,"AU0168","Italy","Archivio, organizzazione","Raccoglitori","Raccoglitore Elica d8 commerciale rosso","Raccoglitore Elica d8 commerciale rosso",1,"1.50",,FALSO,FALSO,"SMR","N010",,
14686,11590,"AU0169","Italy","Archivio, organizzazione","Raccoglitori","Raccoglitore Elica d8 commerciale verde","Raccoglitore Elica d8 commerciale verde",1,"1.50",,FALSO,FALSO,"SMR","N010",,
14687,11591,"AU0170","Italy","Archivio, organizzazione","Raccoglitori","Raccoglitore Elica d8 commerciale nero","Raccoglitore Elica d8 commerciale nero",1,"1.52",,FALSO,FALSO,"SMR","N010",,
14688,11592,"AU0171","Italy","Archivio, organizzazione","Raccoglitori","Raccoglitore Elica d8 commerciale giallo","Raccoglitore Elica d8 commerciale giallo",1,"1.50",,FALSO,FALSO,"SMR","N010",,
14689,11593,"AU0172","Italy","Archivio, organizzazione","Raccoglitori","Raccoglitore Eurofile G54 blu","Raccoglitore Eurofile G54 blu",8,"36.58",,FALSO,FALSO,"SMR","N010",,
14690,11594,"AU0173","Italy","Archivio, organizzazione","Raccoglitori","Raccoglitore Eurofile G55 blu","Raccoglitore Eurofile G55 blu",6,"27.43",,FALSO,FALSO,"SMR","N010",,
14691,11595,"AU0174","Italy","Archivio, organizzazione","Raccoglitori","Raccoglitore Delso line G15 protocollo","Raccoglitore Delso line G15 protocollo",6,"19.08",,FALSO,FALSO,"SMR","N010",,
14692,11596,"AU0175","Italy","Archivio, organizzazione","Raccoglitori","Registratore Oxford G85 protocollo.blu dorso 8","Registratore Oxford G85 protocollo.blu dorso 8 cf.12",1,"1.73",,FALSO,FALSO,"SMR","N010",,
14693,11597,"AU0176","Italy","Archivio, organizzazione","Raccoglitori","Registratore Oxford G85 protocollo.verde dorso 8","Registratore Oxford G85 protocollo.verde dorso 8 cf.12",1,"1.73",,FALSO,FALSO,"SMR","N010",,
14694,11598,"AU0177","Italy","Archivio, organizzazione","Raccoglitori","Registratore Oxford G85 protocollo.rosso dorso 8","Registratore Oxford G85 protocollo.rosso dorso 8 cf.12",1,"1.73",,FALSO,FALSO,"SMR","N010",,
14695,11599,"AU0178","Italy","Archivio, organizzazione","Raccoglitori","Registratore Oxford G83 comm. blu dorso 8","Registratore Oxford G83 comm. blu dorso 8",1,"1.73",,FALSO,FALSO,"SMR","N010",,
14696,11600,"AU0179","Italy","Archivio, organizzazione","Raccoglitori","Registratore Oxford G83 comm. verde dorso 8","Registratore Oxford G83 comm. verde dorso 8",1,"1.73",,FALSO,FALSO,"SMR","N010",,
14697,11601,"AU0180","Italy","Archivio, organizzazione","Raccoglitori","Registratore Oxford G83 comm. rosso dorso 8","Registratore Oxford G83 comm. rosso dorso 8",1,"1.73",,FALSO,FALSO,"SMR","N010",,
14698,11602,"AU0181","Italy","Archivio, organizzazione","Raccoglitori","Registratore Oxford G84 protocollo blu dorso 5","Registratore Oxford G84 protocollo blu dorso 5",1,"1.73",,FALSO,FALSO,"SMR","N010",,
14699,11603,"AU0182","Italy","Archivio, organizzazione","Raccoglitori","Registratore Oxford G84 protocollo rosso dorso 5","Registratore Oxford G84 protocollo rosso dorso 5",1,"1.73",,FALSO,FALSO,"SMR","N010",,
14700,11604,"AU0183","Italy","Archivio, organizzazione","Raccoglitori","Registratore Oxford G84 protocollo verde dorso 5","Registratore Oxford G84 protocollo verde dorso 5",1,"1.73",,FALSO,FALSO,"SMR","N010",,
14701,11605,"AU0184","Italy","Archivio, organizzazione","Raccoglitori","Registratore Oxford G81 Memorandum blu","Registratore Oxford G81 Memorandum blu",1,"1.64",,FALSO,FALSO,"SMR","N010",,
14702,11606,"AU0185","Italy","Archivio, organizzazione","Raccoglitori","Registratore Oxford G81 Memorandum rosso","Registratore Oxford G81 Memorandum rosso",1,"1.64",,FALSO,FALSO,"SMR","N010",,
14703,11607,"AU0186","Italy","Archivio, organizzazione","Raccoglitori","Registratore Oxford G81 Memorandum verde","Registratore Oxford G81 Memorandum verde",1,"1.64",,FALSO,FALSO,"SMR","N010",,
14704,11608,"AU0187","Italy","Archivio, organizzazione","Raccoglitori","Raccoglitore Vic protocollo dorso 8","Raccoglitore Vic protocollo dorso 8",1,"1.55",,FALSO,FALSO,"SMR","N010",,
14705,11609,"AU0188","Italy","Archivio, organizzazione","Raccoglitori","Raccoglitore Vic commerciale dorso 8","Raccoglitore Vic commerciale dorso 8",1,"1.55",,FALSO,FALSO,"SMR","N010",,
14706,11610,"AU0189","Italy","Archivio, organizzazione","Registri, rubriche","Libro firma","Libro firma",1,"7.88",,FALSO,FALSO,"SMR","N010",,
14707,11611,"AU0190","Italy","Archivio, organizzazione","Registri, rubriche","Rubrica telefonica 15 x21","Rubrica telefonica 15 x21",1,"8.82",,FALSO,FALSO,"SMR","N010",,
14708,11612,"AU0191","Italy","Archivio, organizzazione","Registri, rubriche","Scheda carburante","Scheda carburante",50,"1.84",,FALSO,FALSO,"SMR","N010",,
14709,11613,"AU0192","Italy","Archivio, organizzazione","Registri, rubriche","Scheda carburante","Scheda carburante",12,"0.96",,FALSO,FALSO,"SMR","N010",,
14710,11614,"AU0193","Italy","Archivio, organizzazione","Registri, rubriche","Portabiglietti da visita a buste fisse","Portabiglietti da visita a buste fisse",1,"3.32",,FALSO,FALSO,"SMR","N010",,
14711,11615,"AU0194","Italy","Archivio, organizzazione","Registri, rubriche","Portabiglietti da visita blu a 4 anelli","Portabiglietti da visita blu a 4 anelli",1,"7.48",,FALSO,FALSO,"SMR","N010",,
14712,11616,"AU0195","Italy","Archivio, organizzazione","Registri, rubriche","Registro Blasetti A4 quadri 48 fogli","Registro Blasetti A4 quadri 48 fogli",1,"2.99",,FALSO,FALSO,"SMR","N010",,
14713,11617,"AU0196","Italy","Archivio, organizzazione","Registri, rubriche","Registro Blasetti A4 quadri 72 fogli","Registro Blasetti A4 quadri 72 fogli",1,"3.97",,FALSO,FALSO,"SMR","N010",,
14714,11618,"AU0197","Italy","Archivio, organizzazione","Registri, rubriche","Buono di consegna EDIPRO E5196C","Buono di consegna EDIPRO E5196C",1,"1.34",,FALSO,FALSO,"SMR","N010",,
14715,11619,"AU0198","Italy","Archivio, organizzazione","Registri, rubriche","Registro Blasetti A4 righe 48 fogli","Registro Blasetti A4 righe 48 fogli",1,"2.99",,FALSO,FALSO,"SMR","N010",,
14716,11620,"AU0199","Italy","Archivio, organizzazione","Registri, rubriche","Registro Blasetti A4 righe 72 fogli","Registro Blasetti A4 righe 72 fogli",1,"2.99",,FALSO,FALSO,"SMR","N010",,
14717,11621,"AU0200","Italy","Archivio, organizzazione","Registri, rubriche","Portabiglietti da visita alfabetico","Portabiglietti da visita alfabetico",1,"9.07",,FALSO,FALSO,"SMR","N010",,
14718,11622,"AU0201","Italy","Archivio, organizzazione","Registri, rubriche","Registro di carico e scarico rifiuti","Registro di carico e scarico rifiuti",1,"3.39",,FALSO,FALSO,"SMR","N010",,
14719,11623,"AU0202","Italy","Archivio, organizzazione","Scatole archivio","Scatola per archivio Storage 23X33","Scatola per archivio Storage 23X33",1,"20.16",,FALSO,FALSO,"SMR","N010",,
14720,11624,"AU0203","Italy","Archivio, organizzazione","Scatole archivio","Scatola per archivio Storage 26x37","Scatole elica 25x35",1,"0.85",,FALSO,VERO,"SMR","N010",,
14721,11625,"AU0204","Italy","Archivio, organizzazione","Scatole archivio","Scatola archivio storage 26x37","Scatola archivio storage 26x37",32,"27.20",,FALSO,FALSO,"SMR","N010",,
14722,11626,"AU0205","Italy","Archivio, organizzazione","Scatole archivio","Contenitore per 4 scatole Elica","Contenitore per 4 scatole Elica",12,"51.93",,FALSO,FALSO,"SMR","N010",,
14723,11627,"AU0206","Italy","Archivio, organizzazione","Separatori, divisori","Copert. C.E carton.goffr. A4 250gr./mq bian sc.100","Copert. C.E carton.goffr. A4 250gr./mq bian sc.100",1,"12.58",,FALSO,VERO,"SMR","N010",,
14724,11628,"AU0207","Italy","Archivio, organizzazione","Separatori, divisori","Copertina Polytranspar opaco PVC20/100","Copertina Polytranspar opaco PVC20/100",100,"12.11",,FALSO,VERO,"SMR","N010",,
14725,11629,"AU0208","Italy","Archivio, organizzazione","Separatori, divisori","Copertina trasparente 25/100 C.Express A4","Copertina trasparente 25/100 C.Express A4",100,"12.50",,FALSO,VERO,"SMR","N010",,
14726,11630,"AU0209","Italy","Archivio, organizzazione","Separatori, divisori","Copertina trasparente 15/100 C.Express A4","Copertina trasparente 15/100 C.Express A4",100,"7.76",,FALSO,VERO,"SMR","N010",,
14727,11631,"AU0210","Italy","Archivio, organizzazione","Separatori, divisori","Dorsi plastici tondi C.E.dm6mm 25fg.BLU","Dorsi plastici tondi C.E.dm6mm 25fg.BLU sc100",100,"4.79",,FALSO,VERO,"SMR","N010",,
14728,11632,"AU0211","Italy","Archivio, organizzazione","Separatori, divisori","Dorsi plastici tondi C.E.dm8mm 45fg.BLU","Dorsi plastici tondi C.E.dm8mm 45fg.BLU sc100",100,"5.50",,FALSO,VERO,"SMR","N010",,
14729,11633,"AU0212","Italy","Archivio, organizzazione","Separatori, divisori","Dorsi plastici tondi C.E. dm10mm.70fg.BLU","Dorsi plastici tondi C.E. dm10mm.70fg.BLUsc100",100,"6.32",,FALSO,VERO,"SMR","N010",,
14730,11634,"AU0213","Italy","Archivio, organizzazione","Separatori, divisori","Dorsi plastici tondi C.E.dm12mm.100fg.BLU","Dorsi plastici tondi C.E.dm12mm.100fg.BLU sc100",100,"8.71",,FALSO,VERO,"SMR","N010",,
14731,11635,"AU0214","Italy","Archivio, organizzazione","Separatori, divisori","Dorsi plastici tondi C.E.dm14mm.125fg.BLU","Dorsi plastici tondi C.E.dm14mm.125fg.BLUsc100",100,"9.95",,FALSO,VERO,"SMR","N010",,
14732,11636,"AU0215","Italy","Archivio, organizzazione","Separatori, divisori","Dorsi plastici tondi C.E.dm16mm.145fg.BLU","Dorsi plastici tondi C.E.dm16mm.145fg.BLU  sc100",100,"10.25",,FALSO,VERO,"SMR","N010",,
14733,0,"AU0216","Italy","Archivio, organizzazione","Separatori, divisori","Divisorio 13x23 bianco","Divisorio 13x23 bianco",,"2.84",,FALSO,VERO,"SMR","N010",,
14734,11637,"AU0217","Italy","Archivio, organizzazione","Separatori, divisori","Divisorio 13x23 bianco","Divisorio 13x23 bianco",1000,"17.00",,FALSO,FALSO,"SMR","N010",,
14735,0,"AU0218","Italy","Archivio, organizzazione","Separatori, divisori","Divisorio 13x23 rosa","Divisorio 13x23 rosa",,"3.50",,FALSO,VERO,"SMR","N010",,
14736,11638,"AU0219","Italy","Archivio, organizzazione","Separatori, divisori","Divisorio 13x23 rosa","Divisorio 13x23 rosa",1000,"21.00",,FALSO,FALSO,"SMR","N010",,
14737,11639,"AU0220","Italy","Archivio, organizzazione","Separatori, divisori","Divisorio in cartoncino 4 fori giallo","Divisorio in cartoncino 4 fori giallo",100,"3.59",,FALSO,FALSO,"SMR","N010",,
14738,11640,"AU0221","Italy","Archivio, organizzazione","Separatori, divisori","Divisorio in cartoncino 4 fori azzurro","Divisorio in cartoncino 4 fori azzurro",100,"3.59",,FALSO,FALSO,"SMR","N010",,
14739,11641,"AU0222","Italy","Archivio, organizzazione","Separatori, divisori","Divisorio in cartoncino 4 fori verde","Divisorio in cartoncino 4 fori verde",100,"3.59",,FALSO,FALSO,"SMR","N010",,
14740,11642,"AU0223","Italy","Archivio, organizzazione","Separatori, divisori","Divisorio in cartoncino 4 fori rosso","Divisorio in cartoncino 4 fori rosso",100,"3.59",,FALSO,FALSO,"SMR","N010",,
14741,11643,"AU0224","Italy","Archivio, organizzazione","Separatori, divisori","Divisorio in cartoncino 4 fori arancio","Divisorio in cartoncino 4 fori arancio",100,"49.88",,FALSO,FALSO,"SMR","N010",,
14742,11644,"AU0225","Italy","Archivio, organizzazione","Separatori, divisori","Divisorio in cartoncino 4 fori camoscio","Divisorio in cartoncino 4 fori camoscio",100,"3.59",,FALSO,FALSO,"SMR","N010",,
14743,11645,"AU0226","Italy","Archivio, organizzazione","Separatori, divisori","Divisorio in cartoncino 4 fori grigio","Divisorio in cartoncino 4 fori grigio",100,"3.59",,FALSO,FALSO,"SMR","N010",,
14744,11646,"AU0227","Italy","Archivio, organizzazione","Separatori, divisori","Divisorio in cartoncino 2 fori giallo","Divisorio in cartoncino 2 fori giallo",100,"2.60",,FALSO,FALSO,"SMR","N010",,
14745,11647,"AU0228","Italy","Archivio, organizzazione","Separatori, divisori","Divisorio in cartoncino 2 fori azzurro","Divisorio in cartoncino 2 fori azzurro",100,"2.60",,FALSO,FALSO,"SMR","N010",,
14746,11648,"AU0229","Italy","Archivio, organizzazione","Separatori, divisori","Divisorio in cartoncino 2 fori verde","Divisorio in cartoncino 2 fori verde",100,"2.60",,FALSO,FALSO,"SMR","N010",,
14747,11649,"AU0230","Italy","Archivio, organizzazione","Separatori, divisori","Divisorio in cartoncino 2 fori rosso","Divisorio in cartoncino 2 fori rosso",100,"2.60",,FALSO,FALSO,"SMR","N010",,
14748,11650,"AU0231","Italy","Archivio, organizzazione","Separatori, divisori","Divisorio in cartoncino 2 fori arancio","Divisorio in cartoncino 2 fori arancio",100,"2.60",,FALSO,FALSO,"SMR","N010",,
14749,11651,"AU0232","Italy","Archivio, organizzazione","Separatori, divisori","Divisorio in cartoncino 2 fori camoscio","Divisorio in cartoncino 2 fori camoscio",100,"2.70",,FALSO,FALSO,"SMR","N010",,
14750,11652,"AU0233","Italy","Archivio, organizzazione","Separatori, divisori","Divisorio in cartoncino 2 fori grigio","Divisorio in cartoncino 2 fori grigio",100,"2.70",,FALSO,FALSO,"SMR","N010",,
14751,11653,"AU0234","Italy","Archivio, organizzazione","Separatori, divisori","Fastener in metallo","Fastener in metallo",50,"5.21",,FALSO,FALSO,"SMR","N010",,
14752,11654,"AU0235","Italy","Archivio, organizzazione","Separatori, divisori","Separatore alfabetico A-Z A4","Separatore alfabetico A-Z A4",1,"0.75",,FALSO,FALSO,"SMR","N010",,
14753,11655,"AU0236","Italy","Archivio, organizzazione","Separatori, divisori","Separatore esselte A4 tasti scrivibili","Separatore esselte A4 tasti scrivibili",1,"0.72",,FALSO,FALSO,"SMR","N010",,
14754,11656,"AU0237","Italy","Archivio, organizzazione","Separatori, divisori","Salvabuchi","Salvabuchi",500,"1.93",,FALSO,FALSO,"SMR","N010",,
14755,11657,"AU0238","Italy","Archivio, organizzazione","Separatori, divisori","Divisorio 2 fori 14x25 blu","Divisorio 2 fori 14x25 blu",200,"6.75",,FALSO,FALSO,"SMR","N010",,
14756,11658,"AU0239","Italy","Archivio, organizzazione","Separatori, divisori","Separatore numerico A4 31 tasti","Separatore numerico A4 31 tasti",1,"1.57",,FALSO,FALSO,"SMR","N010",,
14757,11659,"AU0240","Italy","Archivio, organizzazione","Separatori, divisori","Cavalierini autoadesivi in colori assortiti","Cavalierini autoadesivi in colori assortiti",48,"3.55",,FALSO,FALSO,"SMR","N010",,
14758,11660,"AU0241","Italy","Archivio, organizzazione","Separatori, divisori","Dorso 3L File Strips","Dorso 3L File Strips",100,"23.69",,FALSO,FALSO,"SMR","N010",,
