"Object","ID","Country","Categoria","Settore","Prodotto eng","Prodotto","Confezione","Prezzo",,"Esclusivo","Obsoleto","IDDestinatario","COGE","Note","QuantDef"
13730,"EC001","Italy","Etichette, collari","Collari, accessori","Collare azzurro per bombole di protossido di azoto","Collare azzurro N2O FU",1000,"210.00",,FALSO,FALSO,"SMR","N011",,
13732,"EC003","Italy","Etichette, collari","Collari, accessori","Collare nero per bombole di aria","Collare nero ARIA FU",1000,"210.00",,FALSO,FALSO,"SMR","N011",,
13733,"EC004","Italy","Etichette, collari","Collari, accessori","Collare grigio per bombole di anidride carbonica","Collare grigio CO2 FU",1000,"210.00",,FALSO,FALSO,"SMR","N011",,
13734,"EC005","Italy","Etichette, collari","Collari, accessori","Collare per bombole varie","Collare bianco VARIE FU",1000,"210.00",,FALSO,FALSO,"SMR","N011",,
13736,"EC007","Italy","Etichette, collari","Collari, accessori","Collare turchese per bombole di gas alimentare","Collare turchese gas alimentari",1000,"210.00",,FALSO,FALSO,"SMR","N011",,
13737,"EC008","Italy","Etichette, collari","Collari, accessori","Bustine di plastica per cartoncini di lotto","Bustina portacartellino",1000,"150.00",,FALSO,FALSO,"SMR","N011",,
13738,"EC009","Italy","Etichette, collari","Collari, accessori","Kit per timbratura su collari","Kit per timbratura su collari",,"7.00",,FALSO,FALSO,"SMR","N011",,
13739,"EC010","Italy","Etichette, collari","Collari, accessori","Rete di protezione per bombole da 14 litri 13x50 cm","Rete di protezione per bb da 14 litri 13x50 cm",250,"65.00",,FALSO,FALSO,"SMR","N011",,
13740,"EC011","Italy","Etichette, collari","Collari, accessori","Collare per gas puri","Collare per gas puri",1000,"210.00",,FALSO,FALSO,"SMR","N011",,
13741,"EC012","Italy","Etichette, collari","Collari, accessori","Collare per miscele laser","Collare per miscele laser",1000,"210.00",,FALSO,FALSO,"SMR","N011",,
13742,"EC013","Italy","Etichette, collari","Collari, accessori","Collare per segnalazione di non idoneità","Collare per segnalazione di non idoneità",1000,"210.00",,FALSO,FALSO,"SMR","N011",,
13743,"EC014","Italy","Etichette, collari","Altre etichette","Etichette SOL per recipienti di proprietà del Cliente","Etich. SOL per recip.ti Cliente",1,"0.15",,FALSO,FALSO,"SMR","N011",,
13745,"EC016","Italy","Etichette, collari","Altre etichette","Etichette per recipienti provenienti da collaudo","Etichette recip. da collaudo",1,"0.15",,FALSO,FALSO,"SMR","N011",,
13747,"EC018","Italy","Etichette, collari","Altre etichette","Etichette adesive per il controllo di apparecchiature CQ","Etichette controllo apparecchi CQ",1,"0.06",,FALSO,FALSO,"SMR","N011",,
13748,"EC019","Italy","Etichette, collari","Altre etichette","Etichette adesive di istruzioni per valvole riduttrici","Etichette istruz. Valv. Riduttrici",1,"0.15",,FALSO,FALSO,"SMR","N011",,
13749,"EC020","Italy","Etichette, collari","Altre etichette","Etichette adesive per recipienti da collaudare","Etich. per recipienti da collaudare",1,"0.15",,FALSO,FALSO,"SMR","N011",,
13750,"EC021","Italy","Etichette, collari","Altre etichette","Etichetta adesiva per ghiaccio secco in pallets","Etich. ghiaccio secco pallets",1,"0.74",,FALSO,FALSO,"SMR","N011",,
13751,"EC022","Italy","Etichette, collari","Altre etichette","Etichetta per unità base guasta","Etich. U.B. guasta",1,"0.05",,FALSO,FALSO,"SMR","N011",,
13752,"EC023","Italy","Etichette, collari","Altre etichette","Etichetta adesiva ""Numero verde VIVISOL""","Etichetta adesiva ""Numero verde VIVISOL""",,"0.11",,FALSO,FALSO,"SMR","N011",,
13753,"EC024","Italy","Etichette, collari","Altre etichette","Etichetta ""materiale in riparazione"" grande","Etichetta ""materiale in riparazione"" grande",1,"0.50",,FALSO,FALSO,"SMR","N011",,
13754,"EC025","Italy","Etichette, collari","Altre etichette","Etichetta ""materiale in riparazione"" piccola","Etichetta ""materiale in riparazione"" piccola",1,"0.50",,FALSO,FALSO,"SMR","N011",,
13755,"EC026","Italy","Etichette, collari","Altre etichette","Kit per stampa di lotti (6 rotoli + 1 nastro inchiostratore)","Kit per stampa di lotti",1,"125.00",,FALSO,FALSO,"SMR","N011",,
13756,"EC027","Italy","Etichette, collari","Altre etichette","Etichetta adesiva - Contenitore Ossigeno Compresso F.U.","Etichetta adesiva - Contenitore GOX F.U.",100,"12.00",,FALSO,FALSO,"SMR","N011",,
13757,"EC028","Italy","Etichette, collari","Altre etichette","Foglio di 6 etichette ""Peso netto:""","Foglio di 6 etichette ""Peso netto:""",1,"0.50",,FALSO,FALSO,"SMR","N011",,
13758,"EC029","Italy","Etichette, collari","Altre etichette","Foglio di 6 etichette ""Contiene gas fluorurati""","Foglio di 6 etichette ""Contiene gas fluorurati""",1,"0.50",,FALSO,FALSO,"SMR","N011",,
13759,"EC030","Italy","Etichette, collari","Altre etichette","Foglio di 6 etichette ""Peso netto kg 30""","Foglio di 6 etichette ""Peso netto kg 30""",1,"0.50",,FALSO,FALSO,"SMR","N011",,
13760,"EC031","Italy","Etichette, collari","Altre etichette","Etichetta ""Avvertenze per il riempimento""","Etichetta ""Avvertenze per il riempimento""",1,"1.00",,FALSO,FALSO,"SMR","N011",,
13761,"EC032","Italy","Etichette, collari","Altre etichette","Etichetta ""Vietato intercettare""","Etichetta ""Vietato intercettare""",1,"1.00",,FALSO,FALSO,"SMR","N011",,
13762,"EC033","Italy","Etichette, collari","Altre etichette","Etichetta per CO2 per colture in vitro","Etichetta per CO2 per colture in vitro",1,"0.50",,FALSO,FALSO,"SMR","N011",,
13763,"EC034","Italy","Etichette, collari","Etichette per tubazioni","Etichette piccole per tubazioni di protossido di azoto medicale (20 fogli da 5 pezzi ciascuno)","Etichette piccole per tubazioni di N2O",,"1.00",,FALSO,FALSO,"SMR","N011",,
13764,"EC035","Italy","Etichette, collari","Etichette per tubazioni","Etichette piccole per tubazioni di aria medicale (20 fogli da 5 pezzi ciascuno)","Etichette piccole per tubazioni di aria medicale",,"1.00",,FALSO,FALSO,"SMR","N011",,
13765,"EC036","Italy","Etichette, collari","Etichette per tubazioni","Etichette piccole per tubazioni di SDEGA (20 fogli da 5 pezzi ciascuno)","Etichette piccole per tubazioni di SDEGA",,"1.00",,FALSO,FALSO,"SMR","N011",,
13766,"EC037","Italy","Etichette, collari","Etichette per tubazioni","Etichette piccole per tubazioni di ossigeno (20 fogli da 5 pezzi ciascuno)","Etichette piccole per tubazioni di ossigeno",,"1.00",,FALSO,FALSO,"SMR","N011",,
13767,"EC038","Italy","Etichette, collari","Etichette per tubazioni","Etichette piccole per tubazioni di vuoto (20 fogli da 5 pezzi ciascuno)","Etichette piccole per tubazioni di vuoto",,"1.00",,FALSO,FALSO,"SMR","N011",,
13768,"EC039","Italy","Etichette, collari","Etichette per tubazioni","Etichette piccole per tubazioni di aria tecnica (20 fogli da 5 pezzi ciascuno)","Etichette piccole per tubazioni di aria tecnica",,"1.00",,FALSO,FALSO,"SMR","N011",,
13769,"EC040","Italy","Etichette, collari","Etichette per tubazioni","Etichette piccole per tubazioni di anidride carbonica medicale (20 fogli da 5 pezzi ciascuno)","Etichette piccole per tubazioni di CO2 medicale",,"1.00",,FALSO,FALSO,"SMR","N011",,
13770,"EC041","Italy","Etichette, collari","Etichette per tubazioni","Etichette grandi per tubazioni di aria medicale (20 fogli da 4 pezzi ciascuno)","Etichette grandi per tubazioni di aria medicale",,"32.80",,FALSO,FALSO,"SMR","N011",,
13771,"EC042","Italy","Etichette, collari","Etichette per tubazioni","Etichette grandi per tubazioni di SDEGA (20 fogli da 4 pezzi ciascuno)","Etichette grandi per tubazioni di SDEGA",,"32.80",,FALSO,FALSO,"SMR","N011",,
13772,"EC043","Italy","Etichette, collari","Etichette per tubazioni","Etichette grandi per tubazioni di ossigeno (20 fogli da 4 pezzi ciascuno)","Etichette grandi per tubazioni di O2",,"32.80",,FALSO,FALSO,"SMR","N011",,
13773,"EC044","Italy","Etichette, collari","Etichette per tubazioni","Etichette grandi per tubazioni di vuoto (20 fogli da 4 pezzi ciascuno)","Etichette grandi per tubazioni di vuoto",,"32.80",,FALSO,FALSO,"SMR","N011",,
13774,"EC045","Italy","Etichette, collari","Etichette per tubazioni","Etichette grandi per tubazioni di aria tecnica (20 fogli da 4 pezzi ciascuno)","Etichette grandi per tubazioni di aria tecnica",,"32.80",,FALSO,FALSO,"SMR","N011",,
13775,"EC046","Italy","Etichette, collari","Etichette per tubazioni","Etichette piccole per tubazioni di acetilene (20 fogli da 5 pezzi ciascuno)","Etichette piccole per tubazioni di acetilene",,"1.00",,FALSO,FALSO,"SMR","N011",,
13776,"EC047","Italy","Etichette, collari","Etichette per tubazioni","Etichette grandi per tubazioni di acetilene (20 fogli da 4 pezzi ciascuno)","Etichette grandi per tubazioni di acetilene",,"32.80",,FALSO,FALSO,"SMR","N011",,
13777,"EC048","Italy","Etichette, collari","Etichette per tubazioni","Etichette piccole per tubazioni di ammoniaca (20 fogli da 5 pezzi ciascuno)","Etichette piccole per tubazioni di ammoniaca",,"1.00",,FALSO,FALSO,"SMR","N011",,
13778,"EC049","Italy","Etichette, collari","Etichette per tubazioni","Etichette grandi per tubazioni di ammoniaca (20 fogli da 4 pezzi ciascuno)","Etichette grandi per tubazioni di ammoniaca",,"32.80",,FALSO,FALSO,"SMR","N011",,
13779,"EC050","Italy","Etichette, collari","Etichette per tubazioni","Etichette piccole per tubazioni di anidride carbonica industriale (20 fogli da 5 pezzi ciascuno)","Etichette piccole per tubazioni di CO2 industriale",,"1.00",,FALSO,FALSO,"SMR","N011",,
13780,"EC051","Italy","Etichette, collari","Etichette per tubazioni","Etichette grandi per tubazioni di anidride carbonica industriale (20 fogli da 4 pezzi ciascuno)","Etichette grandi per tubazioni di CO2 industriale",,"32.80",,FALSO,FALSO,"SMR","N011",,
13781,"EC052","Italy","Etichette, collari","Etichette per tubazioni","Etichette piccole per tubazioni di argon (20 fogli da 5 pezzi ciascuno)","Etichette piccole per tubazioni di argon",,"1.00",,FALSO,FALSO,"SMR","N011",,
13782,"EC053","Italy","Etichette, collari","Etichette per tubazioni","Etichette grandi per tubazioni di argon (20 fogli da 4 pezzi ciascuno)","Etichette grandi per tubazioni di argon",,"32.80",,FALSO,FALSO,"SMR","N011",,
13783,"EC054","Italy","Etichette, collari","Etichette per tubazioni","Etichette piccole per tubazioni di aria industriale (20 fogli da 5 pezzi ciascuno)","Etichette piccole per tubazioni di aria industriale",,"1.00",,FALSO,FALSO,"SMR","N011",,
13784,"EC055","Italy","Etichette, collari","Etichette per tubazioni","Etichette grandi per tubazioni di aria industriale (20 fogli da 4 pezzi ciascuno)","Etichette grandi per tubazioni di aria industriale",,"32.80",,FALSO,FALSO,"SMR","N011",,
13785,"EC056","Italy","Etichette, collari","Etichette per tubazioni","Etichette piccole per tubazioni di azoto (20 fogli da 5 pezzi ciascuno)","Etichette piccole per tubazioni di azoto",,"1.00",,FALSO,FALSO,"SMR","N011",,
13786,"EC057","Italy","Etichette, collari","Etichette per tubazioni","Etichette grandi per tubazioni di azoto (20 fogli da 4 pezzi ciascuno)","Etichette grandi per tubazioni di azoto",,"32.80",,FALSO,FALSO,"SMR","N011",,
13787,"EC058","Italy","Etichette, collari","Etichette per tubazioni","Etichette piccole per tubazioni di elio (20 fogli da 5 pezzi ciascuno)","Etichette piccole per tubazioni di elio",,"1.00",,FALSO,FALSO,"SMR","N011",,
13788,"EC059","Italy","Etichette, collari","Etichette per tubazioni","Etichette grandi per tubazioni di elio (20 fogli da 4 pezzi ciascuno)","Etichette grandi per tubazioni di elio",,"32.80",,FALSO,FALSO,"SMR","N011",,
13789,"EC060","Italy","Etichette, collari","Etichette per tubazioni","Etichette piccole per tubazioni di idrogeno (20 fogli da 5 pezzi ciascuno)","Etichette piccole per tubazioni di idrogeno",,"1.00",,FALSO,FALSO,"SMR","N011",,
13790,"EC061","Italy","Etichette, collari","Etichette per tubazioni","Etichette grandi per tubazioni di idrogeno (20 fogli da 4 pezzi ciascuno)","Etichette grandi per tubazioni di idrogeno",,"32.80",,FALSO,FALSO,"SMR","N011",,
13791,"EC062","Italy","Etichette, collari","Etichette per tubazioni","Etichette piccole per tubazioni di miscela corrosiva (20 fogli da 5 pezzi ciascuno)","Etichette piccole per tubazioni di miscela corrosiva",,"1.00",,FALSO,FALSO,"SMR","N011",,
13792,"EC063","Italy","Etichette, collari","Etichette per tubazioni","Etichette grandi per tubazioni di miscela corrosiva (20 fogli da 4 pezzi ciascuno)","Etichette grandi per tubazioni di miscela corrosiva",,"32.80",,FALSO,FALSO,"SMR","N011",,
13793,"EC064","Italy","Etichette, collari","Etichette per tubazioni","Etichette piccole per tubazioni di miscela inerte (20 fogli da 5 pezzi ciascuno)","Etichette piccole per tubazioni di miscela inerte",,"1.00",,FALSO,FALSO,"SMR","N011",,
13794,"EC065","Italy","Etichette, collari","Etichette per tubazioni","Etichette grandi per tubazioni di miscela inerte (20 fogli da 4 pezzi ciascuno)","Etichette grandi per tubazioni di miscela inerte",,"32.80",,FALSO,FALSO,"SMR","N011",,
13795,"EC066","Italy","Etichette, collari","Etichette per tubazioni","Etichette piccole per tubazioni di miscela infiammabile (20 fogli da 5 pezzi ciascuno)","Etichette piccole per tubazioni di mix. infiammabile",,"1.00",,FALSO,FALSO,"SMR","N011",,
13796,"EC067","Italy","Etichette, collari","Etichette per tubazioni","Etichette grandi per tubazioni di miscela infiammabile (20 fogli da 4 pezzi ciascuno)","Etichette grandi per tubazioni di mix. infiammabile",,"32.80",,FALSO,FALSO,"SMR","N011",,
13797,"EC068","Italy","Etichette, collari","Etichette per tubazioni","Etichette piccole per tubazioni di miscela ossidante (20 fogli da 5 pezzi ciascuno)","Etichette piccole per tubazioni di miscela ossidante",,"1.00",,FALSO,FALSO,"SMR","N011",,
13798,"EC069","Italy","Etichette, collari","Etichette per tubazioni","Etichette grandi per tubazioni di miscela ossidante (20 fogli da 4 pezzi ciascuno)","Etichette grandi per tubazioni di miscela ossidante",,"32.80",,FALSO,FALSO,"SMR","N011",,
13799,"EC070","Italy","Etichette, collari","Etichette per tubazioni","Etichette piccole per tubazioni di miscela tossica (20 fogli da 5 pezzi ciascuno)","Etichette piccole per tubazioni di miscela tossica",,"1.00",,FALSO,FALSO,"SMR","N011",,
13800,"EC071","Italy","Etichette, collari","Etichette per tubazioni","Etichette grandi per tubazioni di miscela tossica (20 fogli da 4 pezzi ciascuno)","Etichette grandi per tubazioni di miscela tossica",,"32.80",,FALSO,FALSO,"SMR","N011",,
13801,"EC072","Italy","Etichette, collari","Etichette per tubazioni","Etichette piccole per tubazioni di protossido di azoto industriale (20 fogli da 5 pezzi ciascuno)","Etichette piccole per tubazioni di N2O industriale",,"1.00",,FALSO,FALSO,"SMR","N011",,
13802,"EC073","Italy","Etichette, collari","Etichette per tubazioni","Etichette grandi per tubazioni di protossido di azoto industriale (20 fogli da 4 pezzi ciascuno)","Etichette grandi per tubazioni di N2O industriale",,"32.80",,FALSO,FALSO,"SMR","N011",,
13804,"EC075","Italy","Etichette ADR bombole","ADR bombole gas puri","Etichette ADR per bombole di Azocarb 20, 30 e IP","Etichette ADR per Azocarb 20, 30 e IP",,"0.08",,FALSO,FALSO,"SMR","N011",,
13805,"EC076","Italy","Etichette ADR bombole","ADR bombole gas puri","Etichette ADR per bombole di Argomet 5","Etichette ADR per Argomet 5",,"0.08",,FALSO,FALSO,"SMR","N011",,
13806,"EC077","Italy","Etichette ADR bombole","ADR bombole gas puri","Etichette ADR per bombole di Argoidro 2","Etichette ADR per Argoidro 2",,"0.08",,FALSO,FALSO,"SMR","N011",,
13808,"EC079","Italy","Etichette ADR bombole","ADR bombole gas puri","Etichette ADR per bombole di Fruttasol","Etichette ADR per Fruttasol",,"0.08",,FALSO,FALSO,"SMR","N011",,
13809,"EC080","Italy","Etichette ADR bombole","ADR bombole gas puri","Etichette ADR per bombole di aria purissima e ultrapura","Etichette ADR per aria purissima e ultrapura",,"0.08",,FALSO,FALSO,"SMR","N011",,
13811,"EC082","Italy","Etichette ADR bombole","ADR bombole gas puri","Etichette ADR per bombole di Argomet 10","Etichette ADR per Argomet 10",,"0.08",,FALSO,FALSO,"SMR","N011",,
13815,"EC086","Italy","Etichette ADR bombole","ADR bombole gas puri","Etichette ADR per bombole di Endosol e Azoxicarb","Etichette ADR per Endosol e Azoxicarb",,"0.08",,FALSO,FALSO,"SMR","N011",,
13816,"EC087","Italy","Etichette ADR bombole","ADR bombole gas puri","Etichette ADR per bombole di Azoidro puro 7, 10, 15, 20 e Biosol","Etichette ADR per Azoidro puro 7, 10, 15, 20 e Biosol",,"0.08",,FALSO,FALSO,"SMR","N011",,
13818,"EC089","Italy","Etichette ADR bombole","ADR bombole gas puri","Etichette ADR per bombole di Clioxicarb e Clidoman","Etichette ADR per Clioxicarb e Clidoman",,"0.08",,FALSO,FALSO,"SMR","N011",,
13820,"EC091","Italy","Etichette ADR bombole","ADR bombole gas puri","Etichette ADR per bombole di Laser 1, 2, 3 e 4","Etichette ADR per Laser 1, 2, 3 e 4",,"0.08",,FALSO,FALSO,"SMR","N011",,
13822,"EC093","Italy","Etichette ADR bombole","ADR bombole gas puri","Etichette ADR per bombole di Argoidro 3, 4, 5 e 7","Etichette ADR per Argoidro 3, 4, 5 e 7",,"0.08",,FALSO,FALSO,"SMR","N011",,
13825,"EC096","Italy","Etichette ADR bombole","ADR bombole miscele","Etichette ADR per Algofrene","Etich. ADR per Algofrene",1,"0.05",,FALSO,FALSO,"SMR","N011",,
13826,"EC097","Italy","Etichette ADR bombole","ADR bombole miscele","Etichette ADR per Alisol 028 e 037","Etich. ADR per Alisol 028 e 037",1,"0.05",,FALSO,FALSO,"SMR","N011",,
13827,"EC098","Italy","Etichette ADR bombole","ADR bombole miscele","Etichette ADR per Alisol 127, 145, 343 e 433","Etich. ADR per Alisol 127, 145, 343 e 433",1,"0.05",,FALSO,FALSO,"SMR","N011",,
13828,"EC099","Italy","Etichette ADR bombole","ADR bombole miscele","Etichette ADR per Alisol 307","Etich. ADR per Alisol 307",1,"0.05",,FALSO,FALSO,"SMR","N011",,
13829,"EC100","Italy","Etichette ADR bombole","ADR bombole miscele","Etichette ADR per Alisol 352 e 370","Etich. ADR per Alisol 352 e 370",1,"0.05",,FALSO,FALSO,"SMR","N011",,
13830,"EC101","Italy","Etichette ADR bombole","ADR bombole miscele","Etichette ADR per Alisol da 460 a 721","Etich. ADR per Alisol da 460 a 721",1,"0.05",,FALSO,FALSO,"SMR","N011",,
13831,"EC102","Italy","Etichette ADR bombole","ADR bombole miscele","Etichette ADR per Alisol 730, 820 e 910","Etich. ADR per Alisol 730, 820 e 910",1,"0.05",,FALSO,FALSO,"SMR","N011",,
13832,"EC103","Italy","Etichette ADR bombole","ADR bombole miscele","Etichette ADR per Arcox","Etich. ADR per Arcox",1,"0.05",,FALSO,FALSO,"SMR","N011",,
13833,"EC104","Italy","Etichette ADR bombole","ADR bombole miscele","Etichette ADR per aria","Etich. ADR per Aria",1500,"75.00",,FALSO,FALSO,"SMR","N011",,
13834,"EC105","Italy","Etichette ADR bombole","ADR bombole miscele","Etichette ADR per Azoidro 5","Etich. ADR per Azoidro 5",1,"0.05",,FALSO,FALSO,"SMR","N011",,
13835,"EC106","Italy","Etichette ADR bombole","ADR bombole miscele","Etichette ADR per Azoidro da 10 a 50","Etich. ADR per Azoidro da 10 a 50",1,"0.05",,FALSO,FALSO,"SMR","N011",,
13836,"EC107","Italy","Etichette ADR bombole","ADR bombole miscele","Etichette ADR per CAR da 10 a 20","Etich. ADR CAR 10-20",1500,"75.00",,FALSO,FALSO,"SMR","N011",,
13837,"EC108","Italy","Etichette ADR bombole","ADR bombole miscele","Etichette ADR per CAR 3, 5 e 25","Etich. ADR CAR 3,5 e 25",1500,"75.00",,FALSO,FALSO,"SMR","N011",,
13838,"EC109","Italy","Etichette ADR bombole","ADR bombole miscele","Etichette ADR per Eliargo","Etich. ADR Eliargo",1,"0.05",,FALSO,FALSO,"SMR","N011",,
13839,"EC110","Italy","Etichette ADR bombole","ADR bombole miscele","Etichette ADR per Enermix 3","Etich. ADR Enermix 3",1,"0.05",,FALSO,FALSO,"SMR","N011",,
13840,"EC111","Italy","Etichette ADR bombole","ADR bombole miscele","Etichette ADR per Enermix BS","Etich. ADR Enermix BS",1,"0.05",,FALSO,FALSO,"SMR","N011",,
13841,"EC112","Italy","Etichette ADR bombole","ADR bombole miscele","Etichette ADR per Enermix M11a, 112a e 121","Etich. ADR Enermix M11a, 112a e 121",1,"0.05",,FALSO,FALSO,"SMR","N011",,
13842,"EC113","Italy","Etichette ADR bombole","ADR bombole miscele","Etichette ADR per Enermix M12a, 14a, 23a e 241a","Etich. ADR Enermix M12a,14a,23a, 241a",1,"0.05",,FALSO,FALSO,"SMR","N011",,
13843,"EC114","Italy","Etichette ADR bombole","ADR bombole miscele","Etichette ADR per Enermix M131a","Etich. ADR Enermix M131a",1,"0.05",,FALSO,FALSO,"SMR","N011",,
13844,"EC115","Italy","Etichette ADR bombole","ADR bombole miscele","Etichette ADR per Enermix M21a e 24","Etich. ADR Enermix M21a, 24",1,"0.05",,FALSO,FALSO,"SMR","N011",,
13845,"EC116","Italy","Etichette ADR bombole","ADR bombole miscele","Etichette ADR per Idrargo 20, 25 e 35 e R11a","Etich. ADR Idrargo 20,25,35,R11a",1,"0.05",,FALSO,FALSO,"SMR","N011",,
13846,"EC117","Italy","Etichette ADR bombole","ADR bombole miscele","Etichette ADR per Enersafe","Etich. ADR Enersafe",1,"0.05",,FALSO,FALSO,"SMR","N011",,
13847,"EC118","Italy","Etichette ADR bombole","ADR bombole miscele","Etichette ADR per Goldmix","Etich. ADR Goldmix",1,"0.05",,FALSO,FALSO,"SMR","N011",,
13848,"EC119","Italy","Etichette ADR bombole","ADR bombole miscele","Etichette ADR per Idrargo 5, 7 e 15","Etich. ADR Idrargo 5,7,15",1,"0.05",,FALSO,FALSO,"SMR","N011",,
13849,"EC120","Italy","Etichette ADR bombole","ADR bombole miscele","Etichette ADR per Idrargo 2","Etich. ADR Idrargo 20,25,35,R11a",1,"0.05",,FALSO,FALSO,"SMR","N011",,
13850,"EC121","Italy","Etichette ADR bombole","ADR bombole miscele","Etichette ADR per MAPP","Etich. ADR MAPP",1,"0.05",,FALSO,FALSO,"SMR","N011",,
13851,"EC122","Italy","Etichette ADR bombole","ADR bombole miscele","Etichette ADR per Meforex 134a","Etich. ADR Meforex 134a",1,"0.05",,FALSO,FALSO,"SMR","N011",,
13852,"EC123","Italy","Etichette ADR bombole","ADR bombole miscele","Etichette ADR per Meforex DI24","Etich. ADR Meforex DI24",1,"0.05",,FALSO,FALSO,"SMR","N011",,
13853,"EC124","Italy","Etichette ADR bombole","ADR bombole miscele","Etichette ADR per Meforex M55 e M57","Etich. ADR Meforex M55,M57",1,"0.05",,FALSO,FALSO,"SMR","N011",,
13854,"EC125","Italy","Etichette ADR bombole","ADR bombole miscele","Etichette ADR per Meforex M95","Etich. ADR Meforex M95",1,"0.05",,FALSO,FALSO,"SMR","N011",,
13855,"EC126","Italy","Etichette ADR bombole","ADR bombole miscele","Etichette ADR per Oxargo","Etich. ADR Oxargo",1,"0.05",,FALSO,FALSO,"SMR","N011",,
13856,"EC127","Italy","Etichette ADR bombole","ADR bombole miscele","Etichette ADR per Zincomix","Etich. ADR Zincomix",1,"0.05",,FALSO,FALSO,"SMR","N011",,
13857,"EC128","Italy","Etichette ADR bombole","ADR bombole miscele","Etichette ADR per Meforex DI36","Etich. ADR Meforex DI36",1,"0.05",,FALSO,FALSO,"SMR","N011",,
13858,"EC129","Italy","Etichette ADR bombole","ADR bombole miscele","Etichette ADR per Meforex DI44","Etich. ADR Meforex DI44",1,"0.05",,FALSO,FALSO,"SMR","N011",,
13879,"EC150","Italy","Etichette ADR bombole","ADR bombole monogas","Etichette ADR per anidride carbonica medical device per laparoscopia","Etich. ADR CO2 MD",100,"5.00",,FALSO,FALSO,"SMR","N011",,
13880,"EC151","Italy","Etichette ADR bombole","ADR bombole monogas","Etichette ADR per azoto liquido medical device","Etich. ADR N2 liquido MD",100,"5.00",,FALSO,FALSO,"SMR","N011",,
13881,"EC152","Italy","Etichette ADR bombole","ADR bombole monogas","Etichette ADR per protossido di azoto medical device","Etich. ADR N2O MD",100,"5.00",,FALSO,FALSO,"SMR","N011",,
13882,"EC153","Italy","Etichette ADR bombole","ADR bombole monogas","Etichette ADR per anidride carbonica medical device per criogenia in fase gas","Etich. ADR CO2 MD Cryo gas",100,"5.00",,FALSO,FALSO,"SMR","N011",,
13883,"EC154","Italy","Etichette ADR bombole","ADR bombole monogas","Etichette ADR per anidride carbonica medical device per criogenia in fase liquida","Etich. ADR CO2 MD Cryo gas",100,"5.00",,FALSO,FALSO,"SMR","N011",,
13884,"EC155","Italy","Etichette ADR bombole","ADR bombole monogas","Etichette ADR per argon medical device","Etichette ADR per argon medical device",100,"5.00",,FALSO,FALSO,"SMR","N011",,
13885,"EC156","Italy","Etichette ADR bombole","ADR bombole monogas","Etichetta ADR ""Argon compresso"" ed. 2010","Etichetta ADR ""Argon compresso"" ed. 2010",100,"5.00",,FALSO,FALSO,"SMR","N011",,
13886,"EC157","Italy","Etichette ADR bombole","ADR bombole monogas","Etichetta ADR ""Argon compresso E948"" ed. 2010","Etichetta ADR ""Argon compresso E948"" ed. 2010",100,"5.00",,FALSO,FALSO,"SMR","N011",,
13887,"EC158","Italy","Etichette ADR bombole","ADR bombole monogas","Etichetta ADR ""Azoto compresso"" ed. 2010","Etichetta ADR ""Azoto compresso"" ed. 2010",100,"5.00",,FALSO,FALSO,"SMR","N011",,
13888,"EC159","Italy","Etichette ADR bombole","ADR bombole monogas","Etichetta ADR ""Azoto compresso E941"" ed. 2010","Etichetta ADR ""Azoto compresso E941"" ed. 2010",100,"5.00",,FALSO,FALSO,"SMR","N011",,
13889,"EC160","Italy","Etichette ADR bombole","ADR bombole monogas","Etichetta ADR ""Diossido di carbonio"" ed. 2010","Etichetta ADR ""Diossido di carbonio"" ed. 2010",100,"5.00",,FALSO,FALSO,"SMR","N011",,
13890,"EC161","Italy","Etichette ADR bombole","ADR bombole monogas","Etichetta ADR ""Diossido di carbonio E290"" ed. 2010","Etichetta ADR ""Diossido di carbonio E290"" ed. 2010",100,"5.00",,FALSO,FALSO,"SMR","N011",,
13891,"EC162","Italy","Etichette ADR bombole","ADR bombole monogas","Etichetta ADR ""Elio compresso"" ed. 2010","Etichetta ADR ""Elio compresso"" ed. 2010",100,"5.00",,FALSO,FALSO,"SMR","N011",,
13892,"EC163","Italy","Etichette ADR bombole","ADR bombole monogas","Etichetta ADR ""Neon compresso"" ed. 2010","Etichetta ADR ""Neon compresso"" ed. 2010",100,"5.00",,FALSO,FALSO,"SMR","N011",,
13893,"EC164","Italy","Etichette ADR bombole","ADR bombole monogas","Etichetta ADR ""Xeno"" ed. 2010","Etichetta ADR ""Xeno"" ed. 2010",100,"5.00",,FALSO,FALSO,"SMR","N011",,
13894,"EC165","Italy","Etichette ADR bombole","ADR bombole monogas","Etichetta ADR ""Kripto compresso"" ed. 2010","Etichetta ADR ""Kripto compresso"" ed. 2010",100,"5.00",,FALSO,FALSO,"SMR","N011",,
13895,"EC166","Italy","Etichette ADR bombole","ADR bombole monogas","Etichetta ADR ""Esafluoruro di zolfo"" ed. 2010","Etichetta ADR ""Esafluoruro di zolfo"" ed. 2010",100,"5.00",,FALSO,FALSO,"SMR","N011",,
13896,"EC167","Italy","Etichette ADR bombole","ADR bombole monogas","Etichetta ADR ""Azoto liquido refrigerato"" ed. 2010","Etichetta ADR ""Azoto liquido refrigerato"" ed. 2010",100,"5.00",,FALSO,FALSO,"SMR","N011",,
13897,"EC168","Italy","Etichette ADR bombole","ADR bombole monogas","Etichetta ADR ""Ossigeno compresso"" ed. 2010","Etichetta ADR ""Ossigeno compresso"" ed. 2010",100,"5.00",,FALSO,FALSO,"SMR","N011",,
13898,"EC169","Italy","Etichette ADR bombole","ADR bombole monogas","Etichetta ADR ""Protossido di azoto"" ed. 2010","Etichetta ADR ""Protossido di azoto"" ed. 2010",100,"5.00",,FALSO,FALSO,"SMR","N011",,
13899,"EC170","Italy","Etichette ADR bombole","ADR bombole monogas","Etichetta ADR ""Ossigeno refrigerato"" ed. 2010","Etichetta ADR ""Ossigeno refrigerato"" ed. 2010",100,"5.00",,FALSO,FALSO,"SMR","N011",,
13900,"EC171","Italy","Etichette ADR bombole","ADR bombole monogas","Etichetta ADR ""Protossido di azoto refrigerato"" ed. 2010","Etichetta ADR ""Protossido di azoto refrig."" ed. 2010",100,"5.00",,FALSO,FALSO,"SMR","N011",,
13901,"EC172","Italy","Etichette ADR bombole","ADR bombole monogas","Etichetta ADR ""Acetilene"" ed. 2010","Etichetta ADR ""Acetilene"" ed. 2010",100,"5.00",,FALSO,FALSO,"SMR","N011",,
13902,"EC173","Italy","Etichette ADR bombole","ADR bombole monogas","Etichetta ADR ""Idrogeno"" ed. 2010","Etichetta ADR ""Idrogeno"" ed. 2010",100,"5.00",,FALSO,FALSO,"SMR","N011",,
13903,"EC174","Italy","Etichette ADR bombole","ADR bombole monogas","Etichetta ADR ""Metano"" ed. 2010","Etichetta ADR ""Metano"" ed. 2010",100,"5.00",,FALSO,FALSO,"SMR","N011",,
13904,"EC175","Italy","Etichette ADR bombole","ADR bombole monogas","Etichetta ADR ""Trifluoruro di boro"" ed. 2010","Etichetta ADR ""Trifluoruro di boro"" ed. 2010",100,"5.00",,FALSO,FALSO,"SMR","N011",,
13905,"EC176","Italy","Etichette ADR bombole","ADR bombole monogas","Etichetta ADR ""Diossido di zolfo"" ed. 2010","Etichetta ADR ""Diossido di zolfo"" ed. 2010",100,"5.00",,FALSO,FALSO,"SMR","N011",,
13906,"EC177","Italy","Etichette ADR bombole","ADR bombole monogas","Etichetta ADR ""Etilene"" ed. 2010","Etichetta ADR ""Etilene"" ed. 2010",100,"5.00",,FALSO,FALSO,"SMR","N011",,
13907,"EC178","Italy","Etichette ADR bombole","ADR bombole monogas","Etichetta ADR ""Monossido di carbonio compresso"" ed. 2010","Etichetta ADR ""Monossido di carbonio compr."" ed. 2010",100,"5.00",,FALSO,FALSO,"SMR","N011",,
13908,"EC179","Italy","Etichette ADR bombole","ADR bombole monogas","Etichetta ADR ""Ossido di azoto compresso"" ed. 2010","Etichetta ADR ""Ossido di azoto compresso"" ed. 2010",100,"5.00",,FALSO,FALSO,"SMR","N011",,
13909,"EC180","Italy","Etichette ADR bombole","ADR bombole monogas","Etichetta ADR ""Ammoniaca anidra"" ed. 2010","Etichetta ADR ""Ammoniaca anidra"" ed. 2010",100,"5.00",,FALSO,FALSO,"SMR","N011",,
13910,"EC181","Italy","Etichette ADR bombole","ADR bombole monogas","Etichetta ADR ""Solfuro di idrogeno"" ed. 2010","Etichetta ADR ""Solfuro di idrogeno"" ed. 2010",100,"5.00",,FALSO,FALSO,"SMR","N011",,
13911,"EC182","Italy","Etichette ADR bombole","ADR bombole monogas","Etichetta ADR ""Tetrossido di diazoto"" ed. 2010","Etichetta ADR ""Tetrossido di diazoto"" ed. 2010",100,"5.00",,FALSO,FALSO,"SMR","N011",,
13912,"EC183","Italy","Etichette ADR bombole","ADR bombole monogas","Etichetta ADR ""Diossido di azoto"" ed. 2010","Etichetta ADR ""Diossido di azoto"" ed. 2010",100,"5.00",,FALSO,FALSO,"SMR","N011",,
13913,"EC184","Italy","Etichette ADR bombole","ADR bombole monogas","Etichetta ADR ""Ossido di etilene"" ed. 2010","Etichetta ADR ""Ossido di etilene"" ed. 2010",100,"5.00",,FALSO,FALSO,"SMR","N011",,
13918,"EC189","Italy","Etichette ADR pacchi","ADR pacchi miscele","Etichette ADR per Alisol 730, 820 e 910 in pacchi","Etich. ADR pacchi Alisol 730,820,910",,"0.24",,FALSO,FALSO,"SMR","N011",,
13919,"EC190","Italy","Etichette ADR pacchi","ADR pacchi miscele","Etichette ADR per Meforex M-95 in bidoni","Etich. ADR bidoni Meforex M-95",,"0.24",,FALSO,FALSO,"SMR","N011",,
13920,"EC191","Italy","Etichette ADR pacchi","ADR pacchi miscele","Etichette ADR per Enermix M21a, M24a, M24b e M24c in pacchi","Etich. ADR pacchi Enermix M21a",,"0.24",,FALSO,FALSO,"SMR","N011",,
13921,"EC192","Italy","Etichette ADR pacchi","ADR pacchi miscele","Etichette ADR per Arcox 155 e 355 in pacchi","Etich. ADR pacchi Arcox 155,355",,"0.24",,FALSO,FALSO,"SMR","N011",,
13922,"EC193","Italy","Etichette ADR pacchi","ADR pacchi miscele","Etichette ADR per Goldmix in pacchi","Etich. ADR pacchi Glodmix",,"0.24",,FALSO,FALSO,"SMR","N011",,
13923,"EC194","Italy","Etichette ADR pacchi","ADR pacchi miscele","Etichette ADR per MAPP-HP in bidoni","Etich. ADR bidoni MAPP-HP",,"0.24",,FALSO,FALSO,"SMR","N011",,
13924,"EC195","Italy","Etichette ADR pacchi","ADR pacchi miscele","Etichette ADR per Enermix R11a e Idrargo 20, 25 e 35 in pacchi","Etich. ADR pacchi Enermix R11a",,"0.24",,FALSO,FALSO,"SMR","N011",,
13925,"EC196","Italy","Etichette ADR pacchi","ADR pacchi miscele","Etichette ADR per Azoidro 10, 15, 20, 30 e 50 in pacchi","Etich. ADR pacchi Azoidro 10",,"0.24",,FALSO,FALSO,"SMR","N011",,
13926,"EC197","Italy","Etichette ADR pacchi","ADR pacchi miscele","Etichette ADR per Idrargo 5, 7 e 15 in pacchi","Etich. ADR pacchi Idrargo 5",,"0.24",,FALSO,FALSO,"SMR","N011",,
13927,"EC198","Italy","Etichette ADR pacchi","ADR pacchi miscele","Etichette ADR per Oxargo 1, 2 e 3 in pacchi","Etich. ADR pacchi Oxargo 1",,"0.24",,FALSO,FALSO,"SMR","N011",,
13928,"EC199","Italy","Etichette ADR pacchi","ADR pacchi miscele","Etichette ADR per Algofrene 22 e HCFC 22 in bidoni","Etich. ADR bidoni Algofrene 22",,"0.24",,FALSO,FALSO,"SMR","N011",,
13929,"EC200","Italy","Etichette ADR pacchi","ADR pacchi miscele","Etichette ADR per aria in pacchi","Etich. ADR pacchi ARIA",,"0.24",,FALSO,FALSO,"SMR","N011",,
13930,"EC201","Italy","Etichette ADR pacchi","ADR pacchi miscele","Etichette ADR per Alisol 460, 550, 631 e 721 in pacchi","Etich. ADR pacchi Alisol 460",,"0.24",,FALSO,FALSO,"SMR","N011",,
13931,"EC202","Italy","Etichette ADR pacchi","ADR pacchi miscele","Etichette ADR per CAR 10, 15, 18 e 20 in pacchi","Etich. ADR pacchi CAR 10",,"0.24",,FALSO,FALSO,"SMR","N011",,
13932,"EC203","Italy","Etichette ADR pacchi","ADR pacchi miscele","Etichette ADR per Enermix M12a, M14a, M23a e M241a in bidoni","Etich. ADR bidoni Enermix M12a",,"0.24",,FALSO,FALSO,"SMR","N011",,
13933,"EC204","Italy","Etichette ADR pacchi","ADR pacchi miscele","Etichette ADR per CAR 3, 5 e 25 in pacchi","Etich. ADR pacchi CAR 3",,"0.24",,FALSO,FALSO,"SMR","N011",,
13934,"EC205","Italy","Etichette ADR pacchi","ADR pacchi miscele","Etichette ADR per Meforex 134a in bidoni","Etich. ADR bidoni Meforex 134a",,"0.24",,FALSO,FALSO,"SMR","N011",,
13935,"EC206","Italy","Etichette ADR pacchi","ADR pacchi miscele","Etichette ADR per Enermix 3a, 3b, 3c e 3d in pacchi","Etich. ADR pacchi Enermix 3a",,"0.24",,FALSO,FALSO,"SMR","N011",,
13936,"EC207","Italy","Etichette ADR pacchi","ADR pacchi miscele","Etichette ADR per Meforex M55 e M57 in bidoni","Etich. ADR bidoni Meforex M55",,"0.24",,FALSO,FALSO,"SMR","N011",,
13937,"EC208","Italy","Etichette ADR pacchi","ADR pacchi miscele","Etichette ADR per Azoidro 5 in pacchi","Etich. ADR pacchi Azoidro 5",,"0.24",,FALSO,FALSO,"SMR","N011",,
13938,"EC209","Italy","Etichette ADR pacchi","ADR pacchi miscele","Etichette ADR per Zincomix in pacchi","Etich. ADR pacchi Zincomix",,"0.24",,FALSO,FALSO,"SMR","N011",,
13939,"EC210","Italy","Etichette ADR pacchi","ADR pacchi miscele","Etichette ADR per Idrargo 2 in pacchi","Etich. ADR pacchi Idrargo 2",,"0.24",,FALSO,FALSO,"SMR","N011",,
13940,"EC211","Italy","Etichette ADR pacchi","ADR pacchi miscele","Etichette ADR per monogas in erogatori, pacchi o bidoni","Etich. ADR monogas",,,,FALSO,FALSO,"SMR","N011",,
13941,"EC212","Italy","Etichette ADR pacchi","ADR pacchi monogas","Etichette ADR per ossigeno liquido in erogatori","Etich. ADR erog. O2 liquido",,"0.24",,FALSO,FALSO,"SMR","N011",,
13942,"EC213","Italy","Etichette ADR pacchi","ADR pacchi monogas","Etichette ADR per azoto liquido in erogatori","Etich. ADR erog. N2 liquido",,"0.24",,FALSO,FALSO,"SMR","N011",,
13943,"EC214","Italy","Etichette ADR pacchi","ADR pacchi monogas","Etichette ADR per ammoniaca in bidoni","Etich. ADR bidoni Ammoniaca",,"0.24",,FALSO,FALSO,"SMR","N011",,
13944,"EC215","Italy","Etichette ADR pacchi","ADR pacchi monogas","Etichette ADR per azoto compresso in pacchi","Etich. ADR pacchi N2 compresso",,"0.24",,FALSO,FALSO,"SMR","N011",,
13945,"EC216","Italy","Etichette ADR pacchi","ADR pacchi monogas","Etichette ADR per acetilene disciolta in pacchi","Etich. ADR pacchi AD disciolta",,"0.24",,FALSO,FALSO,"SMR","N011",,
13946,"EC217","Italy","Etichette ADR pacchi","ADR pacchi monogas","Etichette ADR per idrogeno in pacchi","Etich. ADR pacchi H2",,"0.24",,FALSO,FALSO,"SMR","N011",,
13947,"EC218","Italy","Etichette ADR pacchi","ADR pacchi monogas","Etichette ADR per protossido di azoto in erogatori","Etich. ADR erog. N2O",,"0.24",,FALSO,FALSO,"SMR","N011",,
13948,"EC219","Italy","Etichette ADR pacchi","ADR pacchi monogas","Etichette ADR per ossigeno industriale in erogatori","Etich. ADR erog. O2 industriale",,"0.24",,FALSO,FALSO,"SMR","N011",,
13949,"EC220","Italy","Etichette ADR pacchi","ADR pacchi monogas","Etichette ADR per ossigeno FU, alimentare, puro, avio e laser in pacchi","Etich. ADR pacchi O2 FU",,"0.24",,FALSO,FALSO,"SMR","N011",,
13950,"EC221","Italy","Etichette ADR pacchi","ADR pacchi monogas","Etichette ADR per argon in erogatori","Etich. ADR erog. Ar",,"0.24",,FALSO,FALSO,"SMR","N011",,
13951,"EC222","Italy","Etichette ADR pacchi","ADR pacchi monogas","Etichette ADR per anidride carbonica FU, MD e alimentare in pacchi","Etich. ADR pacchi CO2 FU",,"0.24",,FALSO,FALSO,"SMR","N011",,
13952,"EC223","Italy","Etichette ADR pacchi","ADR pacchi monogas","Etichette ADR per anidride carbonica industriale in erogatori","Etich. ADR erog. CO2 industriale",,"0.24",,FALSO,FALSO,"SMR","N011",,
13953,"EC224","Italy","Etichette ADR pacchi","ADR pacchi monogas","Etichette ADR per Enersafe in pacchi","Etich. ADR pacchi Enersafe",,"0.24",,FALSO,FALSO,"SMR","N011",,
13954,"EC225","Italy","Etichette ADR pacchi","ADR pacchi monogas","Etichette ADR per azoto laser, alimentare e FU in pacchi","Etich. ADR pacchi N2 laser",,"0.24",,FALSO,FALSO,"SMR","N011",,
13955,"EC226","Italy","Etichette ADR pacchi","ADR pacchi gas puri","Etichette ADR per pacchi di protossido di azoto puro, ipersecco, ricerche ed elettronica","Etichette ADR per pacchi di protossido di azoto puro",,"0.30",,FALSO,FALSO,"SMR","N011",,
13956,"EC227","Italy","Etichette ADR pacchi","ADR pacchi gas puri","Etichette ADR per pacchi di ossigeno puro, ultrapuro, elettronica, ricerche e ricerche ex","Etichette ADR per pacchi di ossigeno puro",,"0.30",,FALSO,FALSO,"SMR","N011",,
13957,"EC228","Italy","Etichette ADR pacchi","ADR pacchi gas puri","Etichette ADR per pacchi di elio ultrapuro, ballongas, ricerche, elettronica e ECD","Etichette ADR per pacchi di elio ultrapuro",,"0.30",,FALSO,FALSO,"SMR","N011",,
13958,"EC229","Italy","Etichette ADR pacchi","ADR pacchi gas puri","Etichette ADR per pacchi di aria purissima e ultrapura","Etichette ADR per pacchi di aria purissima e UP",,"0.30",,FALSO,FALSO,"SMR","N011",,
13959,"EC230","Italy","Etichette ADR pacchi","ADR pacchi gas puri","Etichette ADR per pacchi di azoto ultrapuro, ricerche, ricerche extra e megabit","Etichette ADR per pacchi di azoto ultrapuro",,"0.30",,FALSO,FALSO,"SMR","N011",,
13960,"EC231","Italy","Etichette ADR pacchi","ADR pacchi gas puri","Etichette ADR per pacchi di argon ricerche, elettronica, megabit e ultrapuro","Etichette ADR per pacchi di argon ricerche",,"0.30",,FALSO,FALSO,"SMR","N011",,
13961,"EC232","Italy","Etichette ADR pacchi","ADR pacchi gas puri","Etichette ADR per pacchi di Argoidro 3, 4, 5 e 7","Etichette ADR per pacchi di Argoidro 3, 4, 5 e 7",,"0.30",,FALSO,FALSO,"SMR","N011",,
13962,"EC233","Italy","Etichette ADR pacchi","ADR pacchi gas puri","Etichette ADR per pacchi di metano standard, puro, purissimo, ultrapuro e ricerche","Etichette ADR per pacchi di metano standard e puro",,"0.30",,FALSO,FALSO,"SMR","N011",,
13963,"EC234","Italy","Etichette ADR pacchi","ADR pacchi gas puri","Etichette ADR per pacchi di idrogeno ultrapuro, ricerche, ricerche EX ed ECD","Etichette ADR per pacchi di idrogeno ultrapuro",,"0.30",,FALSO,FALSO,"SMR","N011",,
13964,"EC235","Italy","Etichette ADR pacchi","ADR pacchi gas puri","Etichette ADR per pacchi di Azocarb 20, 30 e IP","Etichette ADR per pacchi di Azocarb 20, 30 e IP",,"0.30",,FALSO,FALSO,"SMR","N011",,
13965,"EC236","Italy","Etichette ADR pacchi","ADR pacchi gas puri","Etichette ADR per pacchi di Fruttasol","Etichette ADR per pacchi di Fruttasol",,"0.30",,FALSO,FALSO,"SMR","N011",,
13966,"EC237","Italy","Etichette AIC","AIC, ossigeno","Etichette per bombole di ossigeno con valvola standard da 1 litro in acciaio","Etich. x bb O2 con valvola standard da 1 l in acciaio",50,"7.50",,FALSO,FALSO,"SMR","N011",,
13967,"EC238","Italy","Etichette AIC","AIC, ossigeno","Etichette per bombole di ossigeno con valvola standard da 2 litri in acciaio","Etich. x bb O2 con valvola standard da 2 l in acciaio",50,"7.50",,FALSO,FALSO,"SMR","N011",,
13968,"EC239","Italy","Etichette AIC","AIC, ossigeno","Etichette per bombole di ossigeno con valvola standard da 3 litri in acciaio","Etich. x bb O2 con valvola standard da 3 l in acciaio",50,"7.50",,FALSO,FALSO,"SMR","N011",,
13969,"EC240","Italy","Etichette AIC","AIC, ossigeno","Etichette per bombole di ossigeno con valvola standard da 5 litri in acciaio","Etich. x bb O2 con valvola standard da 5 l in acciaio",50,"7.50",,FALSO,FALSO,"SMR","N011",,
13970,"EC241","Italy","Etichette AIC","AIC, ossigeno","Etichette per bombole di ossigeno con valvola standard da 7 litri in acciaio","Etich. x bb O2 con valvola standard da 7 l in acciaio",50,"7.50",,FALSO,FALSO,"SMR","N011",,
13971,"EC242","Italy","Etichette AIC","AIC, ossigeno","Etichette per bombole di ossigeno con valvola standard da 10 litri in acciaio","Etich. x bb O2 con valv. standard da 10 l in acciaio",50,"7.50",,FALSO,FALSO,"SMR","N011",,
13972,"EC243","Italy","Etichette AIC","AIC, ossigeno","Etichette per bombole di ossigeno con valvola standard da 14 litri in acciaio","Etich. x bb O2 con valv. standard da 14 l in acciaio",50,"7.50",,FALSO,FALSO,"SMR","N011",,
13973,"EC244","Italy","Etichette AIC","AIC, ossigeno","Etichette per bombole di ossigeno con valvola standard da 14 litri in alluminio","Etich. x bb O2 con valv. std. da 14 l in alluminio",50,"7.50",,FALSO,FALSO,"SMR","N011",,
13974,"EC245","Italy","Etichette AIC","AIC, ossigeno","Etichette per bombole di ossigeno con valvola standard da 27 litri in acciaio","Etich. x bb O2 con valv. standard da 27 l in acciaio",50,"7.50",,FALSO,FALSO,"SMR","N011",,
13975,"EC246","Italy","Etichette AIC","AIC, ossigeno","Etichette per bombole di ossigeno con valvola standard da 40 litri in acciaio","Etich. x bb O2 con valv. standard da 40 l in acciaio",50,"12.00",,FALSO,FALSO,"SMR","N011",,
13976,"EC247","Italy","Etichette AIC","AIC, ossigeno","Etichette per bombole di ossigeno con valvola standard da 50 litri in acciaio","Etich. x bb O2 con valv. standard da 50 l in acciaio",50,"12.00",,FALSO,FALSO,"SMR","N011",,
13977,"EC248","Italy","Etichette AIC","AIC, ossigeno","Etichette per bombole di ossigeno con valvola riduttrice da 2 litri in alluminio","Etich. x bb O2 con valv. riduttr. da 2 l in alluminio",50,"7.50",,FALSO,FALSO,"SMR","N011",,
13978,"EC249","Italy","Etichette AIC","AIC, ossigeno","Etichette per bombole di ossigeno con valvola riduttrice da 3 litri in acciaio","Etich. x bb O2 con valvola riduttr. da 3 l in acciaio",50,"7.50",,FALSO,FALSO,"SMR","N011",,
13979,"EC250","Italy","Etichette AIC","AIC, ossigeno","Etichette per bombole di ossigeno con valvola riduttrice da 5 litri in acciaio","Etich. x bb O2 con valvola riduttr. da 5 l in acciaio",50,"7.50",,FALSO,FALSO,"SMR","N011",,
13980,"EC251","Italy","Etichette AIC","AIC, ossigeno","Etichette per bombole di ossigeno con valvola riduttrice da 5 litri in alluminio","Etich. x bb O2 con valv. riduttr. da 5 l in alluminio",50,"7.50",,FALSO,FALSO,"SMR","N011",,
13981,"EC252","Italy","Etichette AIC","AIC, ossigeno","Etichette per bombole di ossigeno con valvola riduttrice da 7 litri in acciaio","Etich. x bb O2 con valvola riduttr. da 7 l in acciaio",50,"7.50",,FALSO,FALSO,"SMR","N011",,
13982,"EC253","Italy","Etichette AIC","AIC, ossigeno","Etichette per bombole di ossigeno con valvola riduttrice da 14 litri in alluminio","Etich. x bb O2 valv. riduttr. da 14 l in alluminio",50,"7.50",,FALSO,FALSO,"SMR","N011",,
13983,"EC254","Italy","Etichette AIC","AIC, ossigeno","Etichette per bombole di ossigeno con valvola riduttrice da 14 litri in acciaio","Etich. x bb O2 valvola riduttr. da 14 l in acciaio",50,"7.50",,FALSO,FALSO,"SMR","N011",,
13984,"EC255","Italy","Etichette AIC","AIC, ossigeno","Etichette per pacchi di ossigeno da 9 bombole","Etichette per pacchi O2 da 9 bombole",50,"12.00",,FALSO,FALSO,"SMR","N011",,
13985,"EC256","Italy","Etichette AIC","AIC, ossigeno","Etichette per pacchi di ossigeno da 12 bombole","Etichette per pacchi O2 da 12 bombole",50,"12.00",,FALSO,FALSO,"SMR","N011",,
13986,"EC257","Italy","Etichette AIC","AIC, ossigeno","Etichette per pacchi di ossigeno da 16 bombole","Etichette per pacchi O2 da 16 bombole",50,"12.00",,FALSO,FALSO,"SMR","N011",,
13987,"EC258","Italy","Etichette AIC","AIC, ossigeno","Etichette per pacchi di ossigeno da 20 bombole","Etichette per pacchi O2 da 20 bombole",50,"12.00",,FALSO,FALSO,"SMR","N011",,
13988,"EC259","Italy","Etichette AIC","AIC, ossigeno","Etichette per unità base da 10 litri","Etichette per unità base da 10 litri",50,"7.50",,FALSO,FALSO,"SMR","N011",,
13989,"EC260","Italy","Etichette AIC","AIC, ossigeno","Etichette per unità base da 20 litri","Etichette per unità base da 20 litri",50,"7.50",,FALSO,FALSO,"SMR","N011",,
13990,"EC261","Italy","Etichette AIC","AIC, ossigeno","Etichette per unità base da 28 litri","Etichette per unità base da 28 litri",50,"7.50",,FALSO,FALSO,"SMR","N011",,
13991,"EC262","Italy","Etichette AIC","AIC, ossigeno","Etichette per unità base da 30 litri","Etichette per unità base da 30 litri",50,"7.50",,FALSO,FALSO,"SMR","N011",,
13992,"EC263","Italy","Etichette AIC","AIC, ossigeno","Etichette per unità base da 37 litri","Etichette per unità base da 37 litri",50,"7.50",,FALSO,FALSO,"SMR","N011",,
13993,"EC264","Italy","Etichette AIC","AIC, ossigeno","Etichette per unità base da 40 litri","Etichette per unità base da 40 litri",50,"7.50",,FALSO,FALSO,"SMR","N011",,
13994,"EC265","Italy","Etichette AIC","AIC, ossigeno","Etichette per unità base da 45 litri","Etichette per unità base da 45 litri",50,"7.50",,FALSO,FALSO,"SMR","N011",,
13995,"EC266","Italy","Etichette AIC","AIC, ossigeno","Etichette per serbatoi di ossigeno da 1'000 litri","Etichette per serbatoi O2 da 1'000 litri",50,"140.00",,FALSO,FALSO,"SMR","N011",,
13996,"EC267","Italy","Etichette AIC","AIC, ossigeno","Etichette per serbatoi di ossigeno da 1'500 litri","Etichette per serbatoi O2 da 1'500 litri",50,"140.00",,FALSO,FALSO,"SMR","N011",,
13997,"EC268","Italy","Etichette AIC","AIC, ossigeno","Etichette per serbatoi di ossigeno da 3'000 litri","Etichette per serbatoi O2 da 3'000 litri",50,"140.00",,FALSO,FALSO,"SMR","N011",,
13998,"EC269","Italy","Etichette AIC","AIC, ossigeno","Etichette per serbatoi di ossigeno da 5'000 litri","Etichette per serbatoi O2 da 5'000 litri",50,"140.00",,FALSO,FALSO,"SMR","N011",,
13999,"EC270","Italy","Etichette AIC","AIC, ossigeno","Etichette per serbatoi di ossigeno da 10'000 litri","Etichette per serbatoi O2 da 10'000 litri",50,"140.00",,FALSO,FALSO,"SMR","N011",,
14000,"EC271","Italy","Etichette AIC","AIC, ossigeno","Etichette per serbatoi di ossigeno da 15'000 litri","Etichette per serbatoi O2 da 15'000 litri",50,"140.00",,FALSO,FALSO,"SMR","N011",,
14001,"EC272","Italy","Etichette AIC","AIC, ossigeno","Etichette per serbatoi di ossigeno da 20'000 litri","Etichette per serbatoi O2 da 20'000 litri",50,"140.00",,FALSO,FALSO,"SMR","N011",,
14002,"EC273","Italy","Etichette AIC","AIC, ossigeno","Etichette per serbatoi di ossigeno da 30'000 litri","Etichette per serbatoi O2 da 30'000 litri",50,"140.00",,FALSO,FALSO,"SMR","N011",,
14003,"EC274","Italy","Etichette AIC","AIC, ossigeno","Etichette per bombole di ossigeno con valvola standard da 0.5 litri in acciaio","Etich. x bb O2 con valv. standard da 0.5 l in acciaio",50,"7.50",,FALSO,FALSO,"SMR","N011",,
14004,"EC275","Italy","Etichette AIC","AIC, ossigeno","Etichette per bombole di ossigeno con valvola standard da 30 litri in acciaio","Etich. x bb O2 con valv. standard da 30 l in acciaio",50,"7.50",,FALSO,FALSO,"SMR","N011",,
14005,"EC276","Italy","Etichette AIC","AIC, ossigeno","Etichette per bombole di ossigeno con valvola standard da 33 litri in acciaio","Etich. x bb O2 con valv. standard da 33 l in acciaio",50,"12.00",,FALSO,FALSO,"SMR","N011",,
14006,"EC277","Italy","Etichette AIC","AIC, ossigeno","Etichette per bombole di ossigeno con valvola riduttrice da 2 litri in acciaio","Etich. x bb O2 con valvola riduttr. da 2 l in acciaio",50,"7.50",,FALSO,FALSO,"SMR","N011",,
14007,"EC278","Italy","Etichette AIC","AIC, ossigeno","Etichette per bombole di ossigeno con valvola riduttrice da 27 litri in acciaio","Etich. x bb O2 con valv. riduttr. da 27 l in acciaio",50,"7.50",,FALSO,FALSO,"SMR","N011",,
14008,"EC279","Italy","Etichette AIC","AIC, ossigeno","Etichette per bombole di ossigeno con valvola riduttrice da 30 litri in acciaio","Etich. x bb O2 con valv. riduttr. da 30 l in acciaio",50,"7.50",,FALSO,FALSO,"SMR","N011",,
14009,"EC280","Italy","Etichette AIC","AIC, ossigeno","Etichette per bombole di ossigeno con valvola riduttrice da 33 litri in acciaio","Etich. x bb O2 con valv. riduttr. da 33 l in acciaio",50,"12.00",,FALSO,FALSO,"SMR","N011",,
14010,"EC281","Italy","Etichette AIC","AIC protossido azoto","Etichette per bombole di azoto protossido da 3.75 kg","Etichette per bombole di azoto protossido da 3.75 kg",50,"7.50",,FALSO,FALSO,"SMR","N011",,
14011,"EC282","Italy","Etichette AIC","AIC protossido azoto","Etichette per bombole di azoto protossido da 7.5 kg","Etichette per bombole di azoto protossido da 7.5 kg",50,"7.50",,FALSO,FALSO,"SMR","N011",,
14012,"EC283","Italy","Etichette AIC","AIC protossido azoto","Etichette per bombole di azoto protossido da 10.5 kg","Etichette per bombole di azoto protossido da 10.5 kg",50,"7.50",,FALSO,FALSO,"SMR","N011",,
14013,"EC284","Italy","Etichette AIC","AIC protossido azoto","Etichette per bombole di azoto protossido da 20.25 kg","Etichette per bombole di azoto protossido da 20.25 kg",50,"7.50",,FALSO,FALSO,"SMR","N011",,
14014,"EC285","Italy","Etichette AIC","AIC protossido azoto","Etichette per bombole di azoto protossido da 30 kg","Etichette per bombole di azoto protossido da 30 kg",50,"7.50",,FALSO,FALSO,"SMR","N011",,
14015,"EC286","Italy","Etichette AIC","AIC protossido azoto","Etichette per bombole di azoto protossido da 37.5 kg","Etichette per bombole di azoto protossido da 37.5 kg",50,"7.50",,FALSO,FALSO,"SMR","N011",,
14016,"EC287","Italy","Etichette AIC","AIC protossido azoto","Etichette per bombole di azoto protossido da 2.25 kg","Etichette per bombole di azoto protossido da 2.25 kg",50,"7.50",,FALSO,FALSO,"SMR","N011",,
14017,"EC288","Italy","Etichette AIC","AIC protossido azoto","Etichette per pacchi di azoto protossido","Etichette per pacchi di azoto protossido",50,"7.50",,FALSO,FALSO,"SMR","N011",,
14018,"EC289","Italy","Etichette AIC","AIC protossido azoto","Etichette per serbatoi di azoto protossido da 700 kg","Etichette per serbatoi di azoto protossido da 700 kg",50,"7.50",,FALSO,FALSO,"SMR","N011",,
14019,"EC290","Italy","Etichette AIC","AIC protossido azoto","Etichette per serbatoi di azoto protossido da 1200 kg","Etichette per serbatoi di azoto protossido da 1200 kg",50,"7.50",,FALSO,FALSO,"SMR","N011",,
14020,"EC291","Italy","Etichette AIC","AIC protossido azoto","Etichette per serbatoi di azoto protossido da 1300 kg","Etichette per serbatoi di azoto protossido da 1300 kg",50,"7.50",,FALSO,FALSO,"SMR","N011",,
14021,"EC292","Italy","Etichette AIC","AIC protossido azoto","Etichette per serbatoi di azoto protossido da 1500 kg","Etichette per serbatoi di azoto protossido da 1500 kg",50,"7.50",,FALSO,FALSO,"SMR","N011",,
14022,"EC293","Italy","Fogli illustrativi","AIC, gas medicali","Foglietti illustrativi per anidride carbonica medical device per laparoscopia","Fogli illustrativi CO2 MD",1,"0.41",,FALSO,FALSO,"SMR","N010",,
14023,"EC294","Italy","Fogli illustrativi","AIC, gas medicali","Foglietti illustrativi per azoto liquido medical device","Fogli illustrativi N2 liquido MD",1,"0.41",,FALSO,FALSO,"SMR","N010",,
14024,"EC295","Italy","Fogli illustrativi","AIC, gas medicali","Foglietti illustrativi per protossido di azoto medical device","Fogli illustrativi N2O MD",1,"0.41",,FALSO,FALSO,"SMR","N010",,
14025,"EC296","Italy","Fogli illustrativi","AIC, gas medicali","Foglietti illustrativi per anidride carbonica medical device per criogenia in fase gas","Fogli illustrativi CO2 MD cryo gas",1,"0.41",,FALSO,FALSO,"SMR","N010",,
14026,"EC297","Italy","Fogli illustrativi","AIC, gas medicali","Foglietti illustrativi per anidride carbonica medical device per criogenia in fase liquida","Fogli illustrativi CO2 MD cryo liquida",1,"0.41",,FALSO,FALSO,"SMR","N010",,
14027,"EC298","Italy","Fogli illustrativi","AIC, gas medicali","Foglietti illustrativi per argon medical device","Fogli illustrativi per argon medical device",1,"0.41",,FALSO,FALSO,"SMR","N010",,
14028,"EC299","Italy","Fogli illustrativi","AIC, fogli illustrativi","Foglietti illustrativi AIC verdi per unità base","Foglietti illustrativi AIC verdi per unità base",1000,"236.50",,FALSO,FALSO,"SMR","N010",,
14031,"EC302","Italy","Fogli illustrativi","AIC, fogli illustrativi","Foglietti illustrativi AIC azzurri per pacchi e per bombole da 33 litri e oltre","Foglietti AIC azzurri x pacchi e bb da 33 litri e olt",200,"35.60",,FALSO,FALSO,"SMR","N010",,
14032,"EC303","Italy","Fogli illustrativi","AIC, fogli illustrativi","Foglietti illustrativi AIC bianchi per bombole fino a 30 litri incluse","Foglietti AIC bianchi x pacchi e bb sotto i 33 litri",200,"48.30",,FALSO,FALSO,"SMR","N010",,
14033,"EC304","Italy","Fogli illustrativi","AIC, fogli illustrativi","Foglietti illustrativi AIC gialli per protossido di azoto","Foglietti AIC gialli x N2O",200,"38.00",,FALSO,FALSO,"SMR","N010",,
