"Object","Object","ID","Country","Categoria","Settore","Prodotto eng","Prodotto","Confezione","Prezzo","Esclusivo","Obsoleto","IDDestinatario","COGE","Note","QuantDef"
15513,11940,"MU001","Italy","Macchine elettriche, acc","Calcolatrici, ricambi","Calcolatrice a 12 cifre","Calcolatrice a 12 cifre",1,"9.50",FALSO,FALSO,"SMR","N010",,
15514,11941,"MU002","Italy","Macchine elettriche, acc","Calcolatrici, ricambi","Calcolatrice scrivente euro 12 cifre Casio HR-8TER","Calcolatrice scrivente euro 12 cifre Casio HR-8TER",1,"16.50",FALSO,FALSO,"SMR","N010",,
15515,11942,"MU003","Italy","Macchine elettriche, acc","Calcolatrici, ricambi","Calcolatrice scrivente HR 150 TER di CASIO","Calcolatrice scrivente HR 150 TER di CASIO",1,"28.46",FALSO,FALSO,"SMR","N010",,
15516,11943,"MU004","Italy","Macchine elettriche, acc","Calcolatrici, ricambi","Tampone inchiostro Olivetti Logos 692","Tampone inchiostro Olivetti Logos 692",1,"2.51",FALSO,FALSO,"SMR","N010",,
15517,11944,"MU005","Italy","Macchine elettriche, acc","Cucitrici elettriche","Cucitrice elettrica a batteria","Cucitrice elettrica a batteria",1,"15.70",FALSO,FALSO,"SMR","N010",,
15518,11945,"MU006","Italy","Macchine elettriche, acc","Plastificatrici, ricambi","Plastificatrice H210","Plastificatrice da scrivania",1,"94.50",FALSO,FALSO,"SMR","N010",,
15519,11946,"MU007","Italy","Macchine elettriche, acc","Plastificatrici, ricambi","Pouches A4 125 micron","Pouches A4 125 micron (100pz)",100,"14.96",FALSO,FALSO,"SMR","N010",,
15520,11947,"MU008","Italy","Macchine elettriche, acc","Plastificatrici, ricambi","Plastificatrice A4/A3 Mars fellowes","Plastificatrice A4/A3 Mars fellowes",1,"55.44",FALSO,FALSO,"SMR","N010",,
15521,11948,"MU009","Italy","Macchine elettriche, acc","Plastificatrici, ricambi","Pouches A3 125 micron","Pouches A3 125 micron",100,"29.48",FALSO,FALSO,"SMR","N010",,
15522,11949,"MU010","Italy","Macchine elettriche, acc","Rotoli carta termica","Rotolo carta termica calcolatrici mm 57x35mt","Rotolo carta termica calcolatrici mm 57x35mt sc.10",10,"2.51",FALSO,FALSO,"SMR","N010",,
15523,11950,"MU011","Italy","Macchine elettriche, acc","Rotoli carta termica","Rotolo carta termica calcolatrici mm 60x35mt","Rotolo carta termica calcolatrici mm 60x35mt sc.10",10,"2.51",FALSO,FALSO,"SMR","N010",,
15524,11951,"MU012","Italy","Macchine elettriche, acc","Rotoli carta termica","Rotolo per calcolatrice carta normale mm 57","Rotolo per calcolatrice carta normale mm 57",10,"1.08",FALSO,FALSO,"SMR","N010",,
15525,11952,"MU013","Italy","Macchine elettriche, acc","Rotoli carta termica","Rotolo di carta termica per fax 210x15x12","Rotolo di carta termica per fax 210x15x12",6,"5.34",FALSO,FALSO,"SMR","N010",,
15526,11953,"MU014","Italy","Macchine elettriche, acc","Rotoli carta termica","Rotolo carta termica 80x80x12","Rotolo carta termica 80x80x12",5,"6.30",FALSO,FALSO,"SMR","N010",,
15527,11954,"MU015","Italy","Macchine elettriche, acc","Batterie, acc","Pila ministilo AAA","Pila ministilo AAA",4,"2.35",FALSO,FALSO,"SMR","N010",,
15528,11955,"MU016","Italy","Macchine elettriche, acc","Batterie, acc","Pila Stilo AA","Pila Stilo AA",4,"2.17",FALSO,FALSO,"SMR","N010",,
15529,11956,"MU017","Italy","Macchine elettriche, acc","Batterie, acc","Pila 1/2 torcia","Pila 1/2 torcia",2,"2.60",FALSO,FALSO,"SMR","N010",,
15530,11957,"MU018","Italy","Macchine elettriche, acc","Batterie, acc","Pila torcia","Pila torcia",2,"3.98",FALSO,FALSO,"SMR","N010",,
15531,11958,"MU019","Italy","Macchine elettriche, acc","Batterie, acc","Pila rettangolare 9 volt","Pila rettangolare 9 volt",1,"2.24",FALSO,FALSO,"SMR","N010",,
15532,11959,"MU020","Italy","Macchine elettriche, acc","Batterie, acc","Pila ricaricabile AAA ministilo","Pila ricaricabile AAA ministilo (4 pezzi)",4,"7.67",FALSO,FALSO,"SMR","N010",,
15533,11960,"MU021","Italy","Macchine elettriche, acc","Batterie, acc","Pila ricaricabile AA stilo","Pila ricaricabile AA stilo (4 pezzi)",4,"8.99",FALSO,FALSO,"SMR","N010",,
15537,11964,"MU025","Italy","Macchine elettriche, acc","Batterie, acc","Caricabatterie  rapido","Caricabatterie  rapido",1,"19.80",FALSO,FALSO,"SMR","N010",,
15538,11965,"MU026","Italy","Macchine elettriche, acc","Batterie, acc","Protettore di sovracorrente a 5 uscite","Protettore di sovracorrente a 4 uscite",1,"16.90",FALSO,FALSO,"SMR","N010",,
15541,11968,"MU029","Italy","Macchine elettriche, acc","Batterie, acc","Pila specialistica N9100 1.5 V","Pila specialistica N9100 1.5 V",1,"1.20",FALSO,FALSO,"SMR","N010",,
15542,11969,"MU030","Italy","Macchine elettriche, acc","Batterie, acc","Pila al litio 3V DL2032","Pila al litio 3V DL2032",1,"1.01",FALSO,FALSO,"SMR","N010",,
15544,11971,"MU032","Italy","Macchine elettriche, acc","Macchine elettriche, acc","Calcolatrice Casio a 10 cifre","Calcolatrice Casio a 10 cifre",1,"9.45",FALSO,VERO,"SMR","N010",,
15545,11972,"MU033","Italy","Macchine elettriche, acc","Macchine elettriche, acc","Calcolatrice scrivente compatta 12 cifre OS3033/12","Calcolatrice scrivente compatta 12 cifre OS3033/12",1,"24.72",FALSO,VERO,"SMR","N010",,
15546,11973,"MU034","Italy","Macchine elettriche, acc","Macchine elettriche, acc","Distruggidocumenti da scrivania 12 Lt","Distruggidocumenti da scrivania 12 Lt",1,"31.20",FALSO,VERO,"SMR","N010",,
15547,11974,"MU035","Italy","Macchine elettriche, acc","Macchine elettriche, acc","Distruggidocumenti da Medio Ufficio 36 Lt","Distruggidocumenti da Medio Ufficio 36 Lt",1,"180.00",FALSO,VERO,"SMR","N010",,
15548,11975,"MU036","Italy","Macchine elettriche, acc","Macchine elettriche, acc","Rilegatrice manuale a dorsi plastici gbc P100 (art. 14045X)","Rilegatr.manuale a dorsi plast. gbc P100 art. 14045X",1,"299.00",FALSO,VERO,"SMR","N010",,
15549,11976,"MU037","Italy","Macchine elettriche, acc","Macchine elettriche, acc","Etichettatrice portatile LM350 (art. 43910U)","Etichettatrice portatile LM350 (art. 43910U)",1,"124.78",FALSO,VERO,"SMR","N010",,
15550,11977,"MU042","Italy","Supporti, acc PC","Acc PC","Chiavetta USB 4GB","Chiavetta USB 4GB",1,"10.85",FALSO,FALSO,"SMR","N012",,
15551,11978,"MU043","Italy","Supporti, acc PC","Acc PC","Filtro protettivo per monitor LCD 17/19''","Filtro protettivo per monitor LCD 17/19''",1,"47.90",FALSO,FALSO,"SMR","N012",,
15552,11979,"MU044","Italy","Supporti, acc PC","Acc PC","Confezione di salviette bagnate per lo schermo del PC","Confezione di salviette bagnate per lo schermo del PC",,"1.81",FALSO,FALSO,"SMR","N012",,
15553,11980,"MU045","Italy","Supporti, acc PC","Acc PC","Bomboletta spray antipolvere di aria","Bomboletta spray antipolvere di aria",1,"4.62",FALSO,FALSO,"SMR","N012",,
15554,11981,"MU046","Italy","Supporti, acc PC","Acc PC","Braccio porta monitor LCD","Braccio porta monitor LCD",1,"32.56",FALSO,FALSO,"SMR","N012",,
0,0,"MU047","Italy","Supporti, acc PC","Acc PC","Hard disk esterno 500 GB","Hard disk esterno 500 GB",1,6950,FALSO,FALSO,"SMR","N012",,
0,0,"MU048","Italy","Supporti, acc PC","Acc PC","Cuffia Skype","Cuffia Skype",1,1290,FALSO,FALSO,"SMR","N012",,
0,0,"MU049","Italy","Supporti, acc PC","Acc PC","Tappetino mouse","Tappetino mouse",1,169,FALSO,FALSO,"SMR","N012",,
0,0,"MU050","Italy","Supporti, acc PC","Acc PC","Supporto in plastica per notebook","Supporto in plastica per notebook",1,1132,FALSO,FALSO,"SMR","N012",,
15555,11982,"MU051","Italy","Supporti, acc PC","Acc PC","Hard disk portatile 320 GB","Hard disk portatile 320 GB",1,"62.72",FALSO,FALSO,"SMR","N012",,
15556,11983,"MU052","Italy","Supporti, acc PC","Acc PC","Chiavetta USB 2 GB","Chiavetta USB 2 GB",1,"6.90",FALSO,FALSO,"SMR","N012",,
15557,11984,"MU053","Italy","Supporti, acc PC","Acc PC","Mouse wireless","Mouse wireless",1,"19.27",FALSO,FALSO,"SMR","N012",,
15558,11985,"MU054","Italy","Supporti, acc PC","Acc PC","Tastiera a filo","Tastiera a filo",1,"9.22",FALSO,FALSO,"SMR","N012",,
15559,11986,"MU055","Italy","Supporti, acc PC","Acc PC","Tastiera e mouse wireless","Tastiera e mouse wireless",1,"27.85",FALSO,FALSO,"SMR","N012",,
15560,11987,"MU056","Italy","Supporti, acc PC","Acc PC","Mouse USB con filo","Mouse USB con filo",1,"4.56",FALSO,FALSO,"SMR","N012",,
15561,11988,"MU057","Italy","Supporti, acc PC","Acc PC","Borsa per notebook fino a 17""","Borsa per notebook fino a 17""",1,"23.32",FALSO,FALSO,"SMR","N012",,
15562,11989,"MU058","Italy","Supporti, acc PC","CD","CD-R registrabile 52X Imation 700Mb/80min.","CD-R registrabile 52X Imation 700Mb/80min.",1,"0.52",FALSO,FALSO,"SMR","N012",,
15563,11990,"MU059","Italy","Supporti, acc PC","CD","CD-RW riscrivibile 1X-4X Imation 700Mb/80min.","CD-RW riscrivibile 1X-4X Imation 700Mb/80min.",1,"0.68",FALSO,FALSO,"SMR","N012",,
15564,11991,"MU060","Italy","Supporti, acc PC","CD","Cd R Leomat spindle","Cd R Leomat spindle 50pz",50,"21.43",FALSO,FALSO,"SMR","N012",,
15565,11992,"MU061","Italy","Supporti, acc PC","CD","Cd R Leomat spindle","Cd R Leomat spindle 100pz",100,"39.25",FALSO,FALSO,"SMR","N012",,
15566,11993,"MU062","Italy","Supporti, acc PC","CD","Cd R Imation spindle","Cd R Imation spindle 50pz",50,"20.85",FALSO,FALSO,"SMR","N012",,
15567,11994,"MU063","Italy","Supporti, acc PC","CD","Cd R Imation spindle","Cd R Imation spindle 100pz",100,"41.63",FALSO,FALSO,"SMR","N012",,
15568,11995,"MU064","Italy","Supporti, acc PC","CD","Custodia universale per CD e DVD","Custodia universale per CD e DVD",10,"2.31",FALSO,FALSO,"SMR","N012",,
15569,11996,"MU065","Italy","Supporti, acc PC","DVD","DVD+RW 4,7 GB","DVD+RW 4,7 GB",1,"1.47",FALSO,FALSO,"SMR","N012",,
15570,11997,"MU066","Italy","Supporti, acc PC","DVD","DVD-RW 4,7 GB","DVD-RW 4,7 GB",1,"1.47",FALSO,FALSO,"SMR","N012",,
15571,11998,"MU067","Italy","Supporti, acc PC","DVD","DVD-R 4,7 GB","DVD-R 4,7 GB",1,"1.11",FALSO,FALSO,"SMR","N012",,
15572,11999,"MU068","Italy","Supporti, acc PC","DVD","DVD+R 4,7GB","DVD+R 4,7GB",1,"1.11",FALSO,FALSO,"SMR","N012",,
15573,12000,"MU069","Italy","Toner, cartucce","Canon","Toner FX2","Toner FX2",1,"55.28",FALSO,FALSO,"SMR","N012",FALSO,VERO
15574,12001,"MU070","Italy","Toner, cartucce","Canon","Toner FX3","Toner FX3",1,"45.79",FALSO,FALSO,"SMR","N012",FALSO,VERO
15575,12002,"MU071","Italy","Toner, cartucce","Canon","Toner FX4","Toner FX4",1,"69.72",FALSO,FALSO,"SMR","N012",FALSO,VERO
15576,12003,"MU072","Italy","Toner, cartucce","Canon","Toner Cartridge T per fax Canon L380 - L390 - L400","Toner Cartridge T per fax Canon L380 - L390 - L400",1,"72.74",FALSO,FALSO,"SMR","N012",FALSO,VERO
15577,12004,"MU073","Italy","Toner, cartucce","Canon","Toner FX3","Toner FX3",2,"99.00",FALSO,VERO,"SMR","N012",FALSO,VERO
15578,12005,"MU074","Italy","Toner, cartucce","Canon","Cartuccia Canon Bci-3 Black","Cartuccia Canon Bci-3 Black",1,"9.81",FALSO,VERO,"SMR","N012",FALSO,VERO
15579,12006,"MU075","Italy","Toner, cartucce","Canon","Toner FX10","Toner FX10",1,"52.00",FALSO,FALSO,"SMR","N012",FALSO,VERO
15580,12007,"MU076","Italy","Toner, cartucce","Canon","Cartuccia Canon BC 02","Cartuccia Canon BC 02",1,"21.37",FALSO,FALSO,"SMR","N012",FALSO,VERO
15581,12008,"MU077","Italy","Toner, cartucce","Canon","Cartuccia Canon BC 05","Cartuccia Canon BC 05",1,"27.06",FALSO,FALSO,"SMR","N012",FALSO,VERO
15582,12009,"MU078","Italy","Toner, cartucce","Canon","Ink jet CLI 8C ciano","Ink jet CLI 8C ciano",1,"10.35",FALSO,FALSO,"SMR","N012",FALSO,VERO
15583,12010,"MU079","Italy","Toner, cartucce","Canon","Ink jet CLI 8M magenta","Ink jet CLI 8M magenta",1,"10.35",FALSO,FALSO,"SMR","N012",FALSO,VERO
15584,12011,"MU080","Italy","Toner, cartucce","Canon","Ink jet CLI 8Y giallo","Ink jet CLI 8Y giallo",1,"10.35",FALSO,FALSO,"SMR","N012",FALSO,VERO
15585,12012,"MU081","Italy","Toner, cartucce","Canon","Ink jet PGI-5BK nero","Ink jet PGI-5BK nero",1,"11.64",FALSO,FALSO,"SMR","N012",FALSO,VERO
15586,12013,"MU082","Italy","Toner, cartucce","Canon","Cartuccia PG 40B nero","Cartuccia PG 40B nero",1,"13.43",FALSO,FALSO,"SMR","N012",FALSO,VERO
15587,12014,"MU083","Italy","Toner, cartucce","Canon","Cartuccia CL41C colori","Cartuccia CL41C colori",1,"16.80",FALSO,FALSO,"SMR","N012",FALSO,VERO
15588,12015,"MU084","Italy","Toner, cartucce","Canon","Toner Canon C-EXV3","Toner Canon C-EXV3",1,"38.14",FALSO,FALSO,"SMR","N012",FALSO,VERO
15589,12016,"MU085","Italy","Toner, cartucce","Canon","Toner Canon IR 2200","Toner Canon IR 2200",1,"38.14",FALSO,FALSO,"SMR","N012",FALSO,VERO
15590,12017,"MU086","Italy","Toner, cartucce","Canon","Toner Canon LBP 5200 (9287A003)","Toner Canon LBP 5200 (9287A003)",1,"62.00",FALSO,FALSO,"SMR","N012",FALSO,VERO
15591,12018,"MU087","Italy","Toner, cartucce","EPSON","Nastro nylon nero 7754 S015022","Nastro nylon nero 7754 S015022",1,"4.69",FALSO,FALSO,"SMR","N012",FALSO,VERO
15593,12020,"MU089","Italy","Toner, cartucce","EPSON","Kit Multipack T0615","Kit Multipack T0615",1,"23.68",FALSO,FALSO,"SMR","N012",FALSO,VERO
15594,12021,"MU090","Italy","Toner, cartucce","EPSON","Kit Multipack T0715","Kit Multipack T0715",1,"32.06",FALSO,FALSO,"SMR","N012",FALSO,VERO
15595,12022,"MU091","Italy","Toner, cartucce","EPSON","Inkjet Epson 70441 nero (Stylus C64)","Inkjet Epson 70441 nero (Stylus C64)",1,"15.58",FALSO,FALSO,"SMR","N012",FALSO,VERO
15596,12023,"MU092","Italy","Toner, cartucce","EPSON","Inkjet Epson T0453","Inkjet Epson T0453",1,"9.75",FALSO,FALSO,"SMR","N012",FALSO,VERO
15597,12024,"MU093","Italy","Toner, cartucce","EPSON","Inkjet Epson 70441 ciano (Stylus C64)","Inkjet Epson 70441 ciano (Stylus C64)",1,"11.10",FALSO,FALSO,"SMR","N012",FALSO,VERO
15598,12025,"MU094","Italy","Toner, cartucce","EPSON","Inkjet Epson 70444 giallo (Stylus C64)","Inkjet Epson 70444 giallo (Stylus C64)",1,"11.10",FALSO,FALSO,"SMR","N012",FALSO,VERO
15599,12026,"MU095","Italy","Toner, cartucce","EPSON","Ink jet Epson C13T04104020","Ink jet Epson C13T04104020",1,"30.55",FALSO,FALSO,"SMR","N012",FALSO,VERO
15600,12027,"MU096","Italy","Toner, cartucce","EPSON","Cartuccia Nero D78 (T071140)","Cartuccia Nero D78 (T071140)",1,"8.18",FALSO,FALSO,"SMR","N012",FALSO,VERO
15601,12028,"MU097","Italy","Toner, cartucce","EPSON","Ink jet Epson T0801 nero","Ink jet Epson T0801 nero",1,"7.34",FALSO,FALSO,"SMR","N012",FALSO,VERO
15602,12029,"MU098","Italy","Toner, cartucce","EPSON","Ink jet Epson T0804 giallo","Ink jet Epson T0804 giallo",1,"7.34",FALSO,FALSO,"SMR","N012",FALSO,VERO
15603,12030,"MU099","Italy","Toner, cartucce","EPSON","Ink jet Epson T0805 ciano chiaro","Ink jet Epson T0805 ciano chiaro",1,"7.34",FALSO,FALSO,"SMR","N012",FALSO,VERO
15604,12031,"MU100","Italy","Toner, cartucce","EPSON","Ink jet Epson T0806 magenta chiaro","Ink jet Epson T0806 magenta chiaro",1,"7.34",FALSO,FALSO,"SMR","N012",FALSO,VERO
15605,12032,"MU101","Italy","Toner, cartucce","EPSON","Ink jet Epson T0803 magenta","Ink jet Epson T0803 magenta",1,"7.34",FALSO,FALSO,"SMR","N012",FALSO,VERO
15606,12033,"MU102","Italy","Toner, cartucce","EPSON","Ink jet Epson T0802 ciano","Ink jet Epson T0802 ciano",1,"7.34",FALSO,FALSO,"SMR","N012",FALSO,VERO
15607,12034,"MU103","Italy","Toner, cartucce","EPSON","Cartuccia Epson T040","Cartuccia Epson T040",1,"30.80",FALSO,FALSO,"SMR","N012",FALSO,VERO
15608,12035,"MU107","Italy","Toner, cartucce","EPSON","Ink jet T0712 ciano","Ink jet T0712 ciano",1,"8.43",FALSO,FALSO,"SMR","N012",FALSO,VERO
15609,12036,"MU108","Italy","Toner, cartucce","EPSON","Ink jet T0713 magenta","Ink jet T0713 magenta",1,"8.43",FALSO,FALSO,"SMR","N012",FALSO,VERO
15610,12037,"MU109","Italy","Toner, cartucce","EPSON","Ink jet T0714 giallo","Ink jet T0714 giallo",1,"8.43",FALSO,FALSO,"SMR","N012",FALSO,VERO
15611,12038,"MU110","Italy","Toner, cartucce","EPSON","Toner Epson Laser M1200 (S050522)","Toner Epson Laser M1200 (S050522)",1,"53.00",FALSO,FALSO,"SMR","N012",FALSO,VERO
0,0,"MU111","Italy","Toner, cartucce","EPSON","Epson T051140 (020189)","Epson T051140 (020189)",1,3116,FALSO,FALSO,"SMR","N012",FALSO,VERO
0,0,"MU112","Italy","Toner, cartucce","EPSON","Epson T052040 (020191)","Epson T052040 (020191)",1,3116,FALSO,FALSO,"SMR","N012",FALSO,VERO
15612,12039,"MU113","Italy","Toner, cartucce","Lexmark","Nastro serie 23xx/24xx 11A3540","Nastro serie 23xx/24xx 11A3540",6,"44.52",FALSO,FALSO,"SMR","N012",FALSO,VERO
15613,12040,"MU114","Italy","Toner, cartucce","Lexmark","Toner Lexmark 64016HE","Toner Lexmark 64016HE",1,"240.05",FALSO,FALSO,"SMR","N012",FALSO,VERO
15614,12041,"MU115","Italy","Toner, cartucce","Lexmark","Cartuccia N.17 nero","Cartuccia N.17 nero",1,"14.24",FALSO,FALSO,"SMR","N012",FALSO,VERO
15615,12042,"MU116","Italy","Toner, cartucce","Lexmark","Cartuccia N.26 color","Cartuccia N.26 color",1,"24.34",FALSO,FALSO,"SMR","N012",FALSO,VERO
0,0,"MU117","Italy","Toner, cartucce","Lexmark","Cartuccia 14N0920 cyano","Cartuccia 14N0920 cyano",1,954,FALSO,FALSO,"SMR","N012",FALSO,VERO
0,0,"MU118","Italy","Toner, cartucce","Lexmark","Cartuccia 14N0922 giallo","Cartuccia 14N0922 giallo",1,954,FALSO,FALSO,"SMR","N012",FALSO,VERO
0,0,"MU119","Italy","Toner, cartucce","Lexmark","Cartuccia 14N0921 magenta","Cartuccia 14N0921 magenta",1,954,FALSO,FALSO,"SMR","N012",FALSO,VERO
0,0,"MU120","Italy","Toner, cartucce","Lexmark","Cartuccia 14N0918 nero","Cartuccia 14N0918 nero",1,1527,FALSO,FALSO,"SMR","N012",FALSO,VERO
15616,12043,"MU121","Italy","Toner, cartucce","Minolta","Cartuccia nero Minolta Page 1390 MF","Cartuccia nero Minolta Page 1390 MF",1,"91.10",FALSO,FALSO,"SMR","N012",FALSO,VERO
15617,12044,"MU122","Italy","Toner, cartucce","Minolta","Toner fax 1600 F","Toner fax 1600 F",1,"108.00",FALSO,FALSO,"SMR","N012",FALSO,VERO
15618,12045,"MU123","Italy","Toner, cartucce","Oki","Toner Oki Page 14ex","Toner Oki Page 14ex",1,"56.20",FALSO,FALSO,"SMR","N012",FALSO,VERO
15619,12046,"MU124","Italy","Toner, cartucce","Ricoh","Toner Ricoh 1220D","Toner Ricoh 1220D",1,"30.90",FALSO,VERO,"SMR","N010",FALSO,VERO
15620,12047,"MU125","Italy","Toner, cartucce","Ricoh","Toner Ricoh 2220D","Toner Ricoh 2220D",1,"23.00",FALSO,FALSO,"SMR","N012",FALSO,VERO
15621,12048,"MU126","Italy","Toner, cartucce","Ricoh","Toner Ricoh 1140L SP1000","Toner Ricoh 1140L SP1000",1,"84.86",FALSO,FALSO,"SMR","N010",FALSO,VERO
15622,12049,"MU127","Italy","Toner, cartucce","Ricoh","Toner Ricoh type 1027","Toner Ricoh type 1027",1,"21.41",FALSO,FALSO,"SMR","N010",FALSO,VERO
15623,12050,"MU128","Italy","Toner, cartucce","Ricoh","Toner Ricoh K163","Toner Ricoh K163",1,"67.19",FALSO,FALSO,"SMR","N012",FALSO,VERO
15624,12051,"MU129","Italy","Toner, cartucce","Samsung","Toner MLT-D1082S","Toner MLT-D1082S",1,"43.59",FALSO,FALSO,"SMR","N012",FALSO,VERO
15625,12052,"MU130","Italy","Toner, cartucce","Samsung","Toner laser Samsung SCX 4216","Toner laser Samsung SCX 4216",1,"68.70",FALSO,FALSO,"SMR","N012",FALSO,VERO
15626,12053,"MU131","Italy","Toner, cartucce","Samsung","Toner laser Samsung K300A nero","Toner laser Samsung K300A nero",1,"42.77",FALSO,FALSO,"SMR","N012",FALSO,VERO
15627,12054,"MU132","Italy","Toner, cartucce","Samsung","Toner CLP M300A magenta","Toner CLP M300A magenta",1,"32.21",FALSO,FALSO,"SMR","N012",FALSO,VERO
15628,12055,"MU133","Italy","Toner, cartucce","Samsung","Toner CLP Y300A giallo","Toner CLP Y300A giallo",1,"31.74",FALSO,FALSO,"SMR","N012",FALSO,VERO
15629,12056,"MU134","Italy","Toner, cartucce","Samsung","Toner CLP C300A ciano","Toner CLP C300A ciano",1,"32.21",FALSO,FALSO,"SMR","N012",FALSO,VERO
0,0,"MU135","Italy","Toner, cartucce","Samsung","Toner Samsung MLT-D1042S (SCX3200)","Toner Samsung MLT-D1042S (SCX3200)",1,5093,FALSO,FALSO,"SMR","N012",FALSO,VERO
15630,12057,"MU136","Italy","Toner, cartucce","Toner compatibili","Toner HP 5949X compatibile","Toner HP 5949X compatibile",1,"59.00",FALSO,FALSO,"SMR","N012",FALSO,VERO
15631,12058,"MU137","Italy","Toner, cartucce","Toner compatibili","Toner HP 2612A compatibile","Toner HP 2612A compatibile",1,"34.50",FALSO,FALSO,"SMR","N012",FALSO,VERO
15632,12059,"MU138","Italy","Toner, cartucce","Toner compatibili","Toner FX3 compatibile","Toner FX3 compatibile",1,"24.50",FALSO,FALSO,"SMR","N012",FALSO,VERO
15633,12060,"MU139","Italy","Toner, cartucce","Toner compatibili","Toner HP 4096A compatibile","Toner HP 4096A compatibile",1,"39.00",FALSO,FALSO,"SMR","N012",FALSO,VERO
15634,12061,"MU140","Italy","Toner, cartucce","Toner compatibili","Toner HP 7115X compatibile","Toner HP 7115X compatibile",1,"33.00",FALSO,FALSO,"SMR","N012",FALSO,VERO
15635,12062,"MU141","Italy","Toner, cartucce","Toner compatibili","Toner HP 3906A compatibile","Toner HP 3906A compatibile",1,"22.90",FALSO,FALSO,"SMR","N012",FALSO,VERO
15636,12063,"MU142","Italy","Toner, cartucce","Toner compatibili","Toner HP 6470A compatibile","Toner HP 6470A compatibile",1,"73.00",FALSO,FALSO,"SMR","N012",FALSO,VERO
15637,12064,"MU143","Italy","Toner, cartucce","Toner compatibili","Toner HP 6471A compatibile","Toner HP 6471A compatibile",1,"75.00",FALSO,FALSO,"SMR","N012",FALSO,VERO
15638,12065,"MU144","Italy","Toner, cartucce","Toner compatibili","Toner HP 6472A compatibile","Toner HP 6472A compatibile",1,"75.00",FALSO,FALSO,"SMR","N012",FALSO,VERO
15639,12066,"MU145","Italy","Toner, cartucce","Toner compatibili","Toner HP 6473A compatibile","Toner HP 6473A compatibile",1,"75.00",FALSO,FALSO,"SMR","N012",FALSO,VERO
15640,12067,"MU146","Italy","Toner, cartucce","Toner compatibili","Toner Lexmark 250 compatibile","Toner Lexmark 250 compatibile",1,"47.00",FALSO,FALSO,"SMR","N012",FALSO,VERO
15641,12068,"MU147","Italy","Toner, cartucce","Toner compatibili","Toner HP 92298X compatibile","Toner HP 92298X compatibile",1,"41.00",FALSO,VERO,"SMR","N012",FALSO,VERO
15642,12069,"MU148","Italy","Toner, cartucce","Toner compatibili","Toner HP 7553X compatibile","Toner HP 7553X compatibile",1,"65.00",FALSO,FALSO,"SMR","N012",FALSO,VERO
15643,12070,"MU149","Italy","Toner, cartucce","Toner compatibili","Toner HP 7551X compatibile","Toner HP 7551X compatibile",1,"98.00",FALSO,FALSO,"SMR","N012",FALSO,VERO
15644,12071,"MU150","Italy","Toner, cartucce","Toner compatibili","Toner HP 8061X compatibile","Toner HP 8061X compatibile",1,"65.00",FALSO,FALSO,"SMR","N012",FALSO,VERO
15645,12072,"MU151","Italy","Toner, cartucce","Toner compatibili","Toner Hp CB436A Compatibile","Toner Hp CB436A Compatibile",1,"41.79",FALSO,FALSO,"SMR","N012",FALSO,VERO
15646,12073,"MU152","Italy","Toner, cartucce","Toner compatibili","Toner HP 505X","Toner HP 505X",1,"86.60",FALSO,FALSO,"SMR","N012",FALSO,VERO
15647,12074,"MU153","Italy","Toner, cartucce","HP","Toner HP C4127X","Toner HP C4127X",1,"89.59",FALSO,FALSO,"SMR",2,FALSO,VERO
15648,12075,"MU154","Italy","Toner, cartucce","HP","Cartuccia Hp N.363 Nero (C8721EE)","Cartuccia Hp N.363 Nero (C8721EE)",1,"11.12",FALSO,FALSO,"SMR","N012",FALSO,VERO
15649,12076,"MU155","Italy","Toner, cartucce","HP","Cartuccia Hp N.363 giallo (C8773EE)","Cartuccia Hp N.363 giallo (C8773EE)",1,"7.64",FALSO,FALSO,"SMR","N012",FALSO,VERO
15650,12077,"MU156","Italy","Toner, cartucce","HP","Cartuccia Hp N.363 ciano chiaro (C8774EE)","Cartuccia Hp N.363 ciano chiaro (C8774EE)",1,"7.64",FALSO,FALSO,"SMR","N012",FALSO,VERO
15651,12078,"MU157","Italy","Toner, cartucce","HP","Cartuccia Hp N.363 Nero (C8721EE)","Cartuccia Hp N.363 Nero (C8721EE)",1,"11.12",FALSO,FALSO,"SMR","N012",FALSO,VERO
15652,12079,"MU158","Italy","Toner, cartucce","HP","Toner HP Q7553X","Toner HP Q7553X",1,"104.99",FALSO,FALSO,"SMR","N012",FALSO,VERO
15653,12080,"MU159","Italy","Toner, cartucce","HP","Toner HP Q6470A","Toner HP Q6470A",1,"93.71",FALSO,FALSO,"SMR","N012",FALSO,VERO
15654,12081,"MU160","Italy","Toner, cartucce","HP","Toner HP Q6471A","Toner HP Q6471A",1,"88.17",FALSO,FALSO,"SMR","N012",FALSO,VERO
15655,12082,"MU161","Italy","Toner, cartucce","HP","Toner HP Q6472A","Toner HP Q6472A",1,"93.60",FALSO,FALSO,"SMR","N012",FALSO,VERO
15656,12083,"MU162","Italy","Toner, cartucce","HP","Toner HP Q6473A","Toner HP Q6473A",1,"88.17",FALSO,FALSO,"SMR","N012",FALSO,VERO
15657,12084,"MU163","Italy","Toner, cartucce","HP","Cartuccia HP 339","Cartuccia HP 339",2,"35.71",FALSO,VERO,"SMR","N012",FALSO,VERO
15658,12085,"MU164","Italy","Toner, cartucce","HP","Cartuccia HP 344","Cartuccia HP 344",2,"38.39",FALSO,VERO,"SMR","N012",FALSO,VERO
15659,12086,"MU165","Italy","Toner, cartucce","HP","Cartuccia HP 56","Cartuccia HP 56",2,"25.94",FALSO,VERO,"SMR","N012",FALSO,VERO
15660,12087,"MU166","Italy","Toner, cartucce","HP","Cartuccia HP 57","Cartuccia HP 57",2,"39.39",FALSO,VERO,"SMR","N012",FALSO,VERO
15661,12088,"MU167","Italy","Toner, cartucce","HP","Ink Jet HP N.337 (C9364EE)","Ink Jet HP N.337 (C9364EE)",1,"14.89",FALSO,FALSO,"SMR","N012",FALSO,VERO
15662,12089,"MU168","Italy","Toner, cartucce","HP","Cartuccia HP 6625A (DJ840C)","Cartuccia HP 6625A (DJ840C)",1,"21.85",FALSO,FALSO,"SMR","N012",FALSO,VERO
15663,12090,"MU169","Italy","Toner, cartucce","HP","Cartuccia HP N.15","Cartuccia HP N.15",1,"20.22",FALSO,FALSO,"SMR","N012",FALSO,VERO
15664,12091,"MU170","Italy","Toner, cartucce","HP","Toner HP 2613A","Toner HP 2613A",1,"53.14",FALSO,FALSO,"SMR","N012",FALSO,VERO
15665,12092,"MU171","Italy","Toner, cartucce","HP","Cartuccia HP N.350 Nero","Cartuccia HP N.350 Nero",1,"22.07",FALSO,FALSO,"SMR","N012",FALSO,VERO
15666,12093,"MU172","Italy","Toner, cartucce","HP","Cartuccia HP N.351 Color","Cartuccia HP N.351 Color",1,"13.50",FALSO,FALSO,"SMR","N012",FALSO,VERO
15667,12094,"MU173","Italy","Toner, cartucce","HP","Cartuccia Hp C9385S black","Cartuccia Hp C9385S black",1,"15.23",FALSO,FALSO,"SMR","N012",FALSO,VERO
15668,12095,"MU174","Italy","Toner, cartucce","HP","Cartuccia HP C9386A cyan","Cartuccia HP C9386A cyan",1,"11.42",FALSO,FALSO,"SMR","N012",FALSO,VERO
15669,12096,"MU175","Italy","Toner, cartucce","HP","Cartuccia HP C9387A magenta","Cartuccia HP C9387A magenta",1,"11.42",FALSO,FALSO,"SMR","N012",FALSO,VERO
15670,12097,"MU176","Italy","Toner, cartucce","HP","Cartuccia HP C9388A yellow","Cartuccia HP C9388A yellow",1,"11.42",FALSO,FALSO,"SMR","N012",FALSO,VERO
15671,12098,"MU177","Italy","Toner, cartucce","HP","Toner HP Q6000A","Toner HP Q6000A",1,"60.45",FALSO,FALSO,"SMR","N012",FALSO,VERO
15672,12099,"MU178","Italy","Toner, cartucce","HP","Toner HP Q6001A","Toner HP Q6001A",1,"58.81",FALSO,FALSO,"SMR","N012",FALSO,VERO
15673,12100,"MU179","Italy","Toner, cartucce","HP","Toner HP Q6002A","Toner HP Q6002A",1,"58.81",FALSO,FALSO,"SMR","N012",FALSO,VERO
15674,12101,"MU180","Italy","Toner, cartucce","HP","Toner HP Q6003A","Toner HP Q6003A",1,"58.81",FALSO,FALSO,"SMR","N012",FALSO,VERO
15675,12102,"MU181","Italy","Toner, cartucce","HP","Cartuccia HP C4844ae Nero","Cartuccia HP C4844ae Nero",1,"24.44",FALSO,FALSO,"SMR","N012",FALSO,VERO
15676,12103,"MU182","Italy","Toner, cartucce","HP","Cartuccia HP C4838ae Giallo","Cartuccia HP C4838ae Giallo",1,"24.65",FALSO,FALSO,"SMR","N012",FALSO,VERO
15677,12104,"MU183","Italy","Toner, cartucce","HP","Cartuccia HP C4837ae Magenta","Cartuccia HP C4837ae Magenta",1,"24.65",FALSO,FALSO,"SMR","N012",FALSO,VERO
15678,12105,"MU184","Italy","Toner, cartucce","HP","Cartuccia HP C4836ae Ciano","Cartuccia HP C4836ae Ciano",1,"24.65",FALSO,FALSO,"SMR","N012",FALSO,VERO
15679,12106,"MU185","Italy","Toner, cartucce","HP","Toner HP 7551X","Toner HP 7551X",1,"155.71",FALSO,FALSO,"SMR","N012",FALSO,VERO
15680,12107,"MU186","Italy","Toner, cartucce","HP","Toner HP CB436A","Toner HP CB436A",1,"57.36",FALSO,FALSO,"SMR","N012",FALSO,VERO
15681,12108,"MU187","Italy","Toner, cartucce","HP","Cartuccia HP 342","Cartuccia HP 342",1,"13.69",FALSO,FALSO,"SMR","N012",FALSO,VERO
15682,12109,"MU188","Italy","Toner, cartucce","HP","Cartuccia HP 5016A n.84","Cartuccia HP 5016A n.84",1,"29.60",FALSO,FALSO,"SMR","N012",FALSO,VERO
15683,12110,"MU189","Italy","Toner, cartucce","HP","Toner HP 5949A","Toner HP 5949A",1,"43.12",FALSO,VERO,"SMR","N012",FALSO,VERO
15684,12111,"MU190","Italy","Toner, cartucce","HP","Ink Jet HP N.44 (51644 Y Giallo)","Ink Jet HP N.44 (51644 Y Giallo)",1,"26.39",FALSO,FALSO,"SMR","N012",FALSO,VERO
15685,12112,"MU191","Italy","Toner, cartucce","HP","Toner HP C8061X","Toner HP C8061X",1,"57.00",FALSO,FALSO,"SMR","N012",FALSO,VERO
15686,12113,"MU192","Italy","Toner, cartucce","HP","Toner HP CE505X","Toner HP CE505X",1,"104.00",FALSO,FALSO,"SMR","N012",FALSO,VERO
15687,12114,"MU193","Italy","Toner, cartucce","HP","Cartuccia HP n.363 ciano (C8771EE)","Cartuccia HP n.363 ciano (C8771EE)",1,"7.64",FALSO,FALSO,"SMR","N012",FALSO,VERO
15688,12115,"MU194","Italy","Toner, cartucce","HP","Cartuccia HP n.363 magenta (C8772EE)","Cartuccia HP n.363 magenta (C8772EE)",1,"7.64",FALSO,FALSO,"SMR","N012",FALSO,VERO
15689,12116,"MU195","Italy","Toner, cartucce","HP","Cartuccia HP N.20 (C6614DE)","Cartuccia HP N.20 (C6614DE)",1,"26.00",FALSO,FALSO,"SMR","N012",FALSO,VERO
15690,12117,"MU196","Italy","Toner, cartucce","HP","Cartuccia HP 300XL nero","Cartuccia HP 300XL nero",1,"19.42",FALSO,FALSO,"SMR","N012",FALSO,VERO
15691,12118,"MU197","Italy","Toner, cartucce","HP","Cartuccia HP 300XL colore","Cartuccia HP 300XL colore",1,"22.83",FALSO,FALSO,"SMR","N012",FALSO,VERO
15692,12119,"MU198","Italy","Toner, cartucce","HP","Ink Jet HP n.27 nero","Ink Jet HP n.27 nero",1,"13.63",FALSO,FALSO,"SMR","N012",FALSO,VERO
15693,12120,"MU199","Italy","Toner, cartucce","HP","Ink Jet HP n.28 color","Ink Jet HP n.28 color",1,"16.55",FALSO,FALSO,"SMR","N012",FALSO,VERO
15694,12121,"MU200","Italy","Toner, cartucce","HP","Ink Jet HP N901 CC656AE colore","Ink Jet HP N901 CC656AE colore",1,"13.75",FALSO,FALSO,"SMR","N012",FALSO,VERO
15695,12122,"MU201","Italy","Toner, cartucce","HP","Ink Jet HP N901XL CC654AE nero","Ink Jet HP N901XL CC654AE nero",1,"19.31",FALSO,FALSO,"SMR","N012",FALSO,VERO
15696,12123,"MU202","Italy","Toner, cartucce","HP","Toner HP C4127X","Toner HP C4127X",1,"89.59",FALSO,FALSO,"SMR","N012",FALSO,VERO
15697,12124,"MU203","Italy","Toner, cartucce","HP","Toner HP C7115X","Toner HP C7115X",1,"53.39",FALSO,FALSO,"SMR","N012",FALSO,VERO
15698,12125,"MU204","Italy","Toner, cartucce","HP","Toner HP C3903A","Toner HP C3903A",1,"63.59",FALSO,FALSO,"SMR","N012",FALSO,VERO
15699,12126,"MU205","Italy","Toner, cartucce","HP","Toner HP C3906A","Toner HP C3906A",1,"45.87",FALSO,FALSO,"SMR","N012",FALSO,VERO
15700,12127,"MU206","Italy","Toner, cartucce","HP","Toner HP C4092A","Toner HP C4092A",1,"43.13",FALSO,FALSO,"SMR","N012",FALSO,VERO
15701,12128,"MU207","Italy","Toner, cartucce","HP","Toner HP C4096A","Toner HP C4096A",1,"60.54",FALSO,FALSO,"SMR","N012",FALSO,VERO
15702,12129,"MU208","Italy","Toner, cartucce","HP","Toner HP 92298X","Toner HP 92298X",1,"77.90",FALSO,FALSO,"SMR","N012",FALSO,VERO
15703,12130,"MU209","Italy","Toner, cartucce","HP","Toner HP Q2612A","Toner HP Q2612A",1,"50.00",FALSO,FALSO,"SMR","N012",FALSO,VERO
15704,12131,"MU210","Italy","Toner, cartucce","HP","Toner HP Q2610A","Toner HP Q2610A",1,"84.93",FALSO,VERO,"SMR","N012",FALSO,VERO
15705,12132,"MU211","Italy","Toner, cartucce","HP","Toner HP 92274A","Toner HP 92274A",1,"71.67",FALSO,VERO,"SMR","N012",FALSO,VERO
15706,12133,"MU212","Italy","Toner, cartucce","HP","Toner HP C6658A","Toner HP C6658A",1,"17.70",FALSO,VERO,"SMR","N012",FALSO,VERO
15707,12134,"MU213","Italy","Toner, cartucce","HP","Cartuccia HP n.45 (51645A)","Cartuccia HP n.45 (51645A)",1,"22.92",FALSO,FALSO,"SMR","N012",FALSO,VERO
15708,12135,"MU214","Italy","Toner, cartucce","HP","Cartuccia Hp 51649Ae N.49","Cartuccia Hp 51649Ae N.49",1,"22.35",FALSO,FALSO,"SMR","N012",FALSO,VERO
15709,12136,"MU215","Italy","Toner, cartucce","HP","Toner HP 5949X","Toner HP 5949X",2,"177.37",FALSO,FALSO,"SMR","N012",FALSO,VERO
15710,12137,"MU216","Italy","Toner, cartucce","HP","Toner HP Q5949X","Toner HP C5949X",1,"93.24",FALSO,FALSO,"SMR","N012",FALSO,VERO
15711,12138,"MU217","Italy","Toner, cartucce","HP","Toner HP C8765A","Toner HP C8765A",1,"12.71",FALSO,VERO,"SMR","N012",FALSO,VERO
15712,12139,"MU218","Italy","Toner, cartucce","HP","Toner HP C8766A","Toner HP C8766A",1,"15.80",FALSO,VERO,"SMR","N012",FALSO,VERO
15713,12140,"MU219","Italy","Toner, cartucce","HP","Toner HP C8767A","Toner HP C8767A",1,"19.25",FALSO,VERO,"SMR","N012",FALSO,VERO
15714,12141,"MU220","Italy","Toner, cartucce","HP","Toner HP C9363A","Toner HP C9363A",1,"22.75",FALSO,VERO,"SMR","N012",FALSO,VERO
15715,12142,"MU221","Italy","Toner, cartucce","HP","Cartuccia HP N.338","Cartuccia HP N.338",1,"13.00",FALSO,FALSO,"SMR","N012",FALSO,VERO
15716,12143,"MU222","Italy","Toner, cartucce","HP","Cartuccia HP N.339","Cartuccia HP N.339",1,"19.25",FALSO,FALSO,"SMR","N012",FALSO,VERO
15717,12144,"MU223","Italy","Toner, cartucce","HP","Cartuccia HP N.343","Cartuccia HP N.343",1,"16.36",FALSO,FALSO,"SMR","N012",FALSO,VERO
15718,12145,"MU224","Italy","Toner, cartucce","HP","Cartuccia HP N.344","Cartuccia HP N.344",1,"22.00",FALSO,FALSO,"SMR","N012",FALSO,VERO
15719,12146,"MU225","Italy","Toner, cartucce","HP","Cartuccia HP N.348","Cartuccia HP N.348",1,"17.72",FALSO,FALSO,"SMR","N012",FALSO,VERO
15720,12147,"MU226","Italy","Toner, cartucce","HP","Cartuccia HP n.40 (51640A)","Cartuccia HP n.40 (51640A)",1,"21.19",FALSO,VERO,"SMR","N010",FALSO,VERO
15721,12148,"MU227","Italy","Toner, cartucce","HP","Cartuccia HP N.78 (C6578DE)","Cartuccia HP N.78 ( C6578DE)",1,"24.75",FALSO,FALSO,"SMR","N012",FALSO,VERO
15722,12149,"MU228","Italy","Toner, cartucce","HP","Cartuccia HP nero N. 21","Cartuccia HP nero N. 21",1,"9.76",FALSO,FALSO,"SMR","N012",FALSO,VERO
15723,12150,"MU229","Italy","Toner, cartucce","HP","Cartuccia HP colore N.22","Cartuccia HP colore N.22",1,"11.62",FALSO,FALSO,"SMR","N012",FALSO,VERO
15724,12151,"MU230","Italy","Toner, cartucce","HP","Cartuccia HP n.23 C1823D","Cartuccia HP n.23 C1823D",1,"23.00",FALSO,VERO,"SMR","N012",FALSO,VERO
15725,12152,"MU231","Italy","Toner, cartucce","Compatibili","Cartuccia Ink Jet N.56 C6656A","Cartuccia Ink Jet N.56 C6656A",1,"15.20",FALSO,FALSO,"SMR","N012",FALSO,VERO
15726,12153,"MU232","Italy","Toner, cartucce","Compatibili","Cartuccia Ink Jet N.57 C6657A","Cartuccia Ink Jet N.57 C6657A",1,"24.98",FALSO,FALSO,"SMR","N012",FALSO,VERO
15727,12154,"MU233","Italy","Toner, cartucce","Compatibili","Kit 2 inkjet mutlipack SA308AE","Kit 2 inkjet mutlipack SA308AE",1,"44.15",FALSO,FALSO,"SMR","N012",FALSO,VERO
